ایستگاه,تاریخ,دمای حداقل,دمای حداکثر,نقطه شبنم,رطوبت نسبی,میانگین سرعت باد
stationid,datetime,tmin,tmax,td_m,um,ffm
40768,2021-01-01 00:00:00,-7.8,8.1,-5.075,75.75,0.875
40768,2021-01-02 00:00:00,-7.5,9.3,-4.8,74.75,1.375
40768,2021-01-03 00:00:00,-7.4,8.8,-4.8,76.25,0.75
40768,2021-01-04 00:00:00,-8.5,6.4,-7.5125,70,1.125
40768,2021-01-05 00:00:00,-10,6.5,-9.4375,67.5,1.25
40768,2021-01-06 00:00:00,-10.9,5.8,-12.15,59.625,1.25
40768,2021-01-07 00:00:00,-11.1,7.4,-11.7125,57.75,2
40768,2021-01-08 00:00:00,-10.6,8.3,-9.9375,62.625,1.125
40768,2021-01-09 00:00:00,-11.2,8.6,-10.8125,59.625,1.375
40768,2021-01-10 00:00:00,-10.1,10,-10.8375,57.75,0.625
40768,2021-01-11 00:00:00,-11,14,-10.5,55,1.375
40768,2021-01-12 00:00:00,-8.4,17,-8.3,51.25,1.625
40768,2021-01-13 00:00:00,-6.6,15.2,-6.775,54.5,1.5
40768,2021-01-14 00:00:00,-4.1,15.6,-13.3556,33.3333,2.5
40768,2021-01-15 00:00:00,-1.1,8.5,-7.0375,49.875,4.25
40768,2021-01-16 00:00:00,-6.4,10.9,-5.125,67,1.625
40768,2021-01-17 00:00:00,-5.9,9.7,-4.7875,63.75,2.25
40768,2021-01-18 00:00:00,-1.8,8.8,-3.85,57.75,4.75
40768,2021-01-19 00:00:00,-2.6,9.4,-7.7875,42.5,4.25
40768,2021-01-20 00:00:00,-3.9,8.6,-8.325,49.875,2.625
40768,2021-01-21 00:00:00,-3,-0.7,-7.875,72.375,3.75
40768,2021-01-22 00:00:00,-10.3,-0.3,-10.4125,71.875,2.125
40768,2021-01-23 00:00:00,-12.3,4.5,-10.3875,70.25,0.875
40768,2021-01-24 00:00:00,-11.8,8.4,-9.6875,66.5,0.5
40768,2021-01-25 00:00:00,-10.4,10.3,-9.625,58.25,1.375
40768,2021-01-26 00:00:00,-8.9,10.8,-9.675,55.125,2.25
40768,2021-01-27 00:00:00,-9.1,12.9,-8.25556,57.6667,1.77778
40768,2021-01-28 00:00:00,-4.5,14.2,-5.275,50.875,1.75
40768,2021-01-29 00:00:00,3.1,12.4,-0.475,63.875,4.75
40768,2021-01-30 00:00:00,0.3,7.4,-5.4625,58.375,3.625
40768,2021-01-31 00:00:00,-5.9,10.6,-7.5875,52,2.375
40768,2021-02-01 00:00:00,-4.1,9.7,-3.85,70.125,1.625
40768,2021-02-02 00:00:00,-6.9,13.1,-4.5625,67.375,0.5
40768,2021-02-03 00:00:00,-5.9,17,-5.2875,58.625,1.125
40768,2021-02-04 00:00:00,-6.1,15.6,-4.9875,50.625,1.75
40768,2021-02-05 00:00:00,2.6,11,1.45,69.25,4.125
40768,2021-02-06 00:00:00,3.6,6.5,2.2875,85.75,2.5
40768,2021-02-07 00:00:00,2.6,9.4,1.825,86.375,2.25
40768,2021-02-08 00:00:00,-2.4,14.4,-1.4125,70.625,2.5
40768,2021-02-09 00:00:00,-2.6,17.4,-5.1125,52,2.125
40768,2021-02-10 00:00:00,-3.2,15.1,-4.525,52.125,1.875
40768,2021-02-11 00:00:00,-2,13.7,-7.9,44.375,3
40768,2021-02-12 00:00:00,-4.8,16.5,-8,45.625,2.125
40768,2021-02-13 00:00:00,-4.4,16.2,-10.725,40.625,2.5
40768,2021-02-14 00:00:00,-5.1,17.9,-10.8625,37,1.875
40768,2021-02-15 00:00:00,-6.1,17.8,-8.1125,40.75,2.625
40768,2021-02-16 00:00:00,1.7,17.4,-2.45,36.375,4.125
40768,2021-02-17 00:00:00,10,14.2,-0.775,62.125,6.5
40768,2021-02-18 00:00:00,0.6,2.1,-1.9625,88.75,3.125
40768,2021-02-19 00:00:00,-5.9,3.3,-9.1375,62.125,3
40768,2021-02-20 00:00:00,-8.8,5.8,-7.125,64.875,2.375
40768,2021-02-21 00:00:00,-4,6.7,-4.9,64.75,2.625
40768,2021-02-22 00:00:00,-4.6,8.7,-7.7875,54.5,2.75
40768,2021-02-23 00:00:00,-6.6,10.6,-10.125,49.5,2.25
40768,2021-02-24 00:00:00,-6.6,9.8,-9.2875,50.75,2.375
40768,2021-02-25 00:00:00,-3.7,-0.1,-5.55,75.5,4
40768,2021-02-26 00:00:00,-3.1,5.4,-5.2,73,2
40768,2021-02-27 00:00:00,-5.8,9.8,-4.8375,69.125,1.5
40768,2021-02-28 00:00:00,-6.6,12,-6.15,54.125,2.125
40768,2021-03-01 00:00:00,2,10.9,-2.2,63.125,2.5
40768,2021-03-02 00:00:00,-3,11.6,-3.6875,61.75,2.375
40768,2021-03-03 00:00:00,-3.6,12.1,-4.7,55.375,2.5
40768,2021-03-04 00:00:00,-3.1,14.6,-2.5375,60.5,3.25
40768,2021-03-05 00:00:00,2.8,11.4,-1.0875,64.25,4.375
40768,2021-03-06 00:00:00,-5.2,12.7,-4.95,58.25,2.875
40768,2021-03-07 00:00:00,-5.2,15.8,-10.65,40.875,2.625
40768,2021-03-08 00:00:00,-1.9,15,-8.3875,32.625,3.25
40768,2021-03-09 00:00:00,2.5,13.1,-7.075,35.125,5.625
40768,2021-03-10 00:00:00,1.3,13.2,-4.55,45.25,4
40768,2021-03-11 00:00:00,1.2,16.4,-0.275,50.625,6
40768,2021-03-12 00:00:00,6.4,9.7,2.0125,79.375,4.125
40768,2021-03-13 00:00:00,-3.6,6.2,-3.05,81.25,3.125
40768,2021-03-14 00:00:00,-3.9,10.8,0.6,87.75,0.875
40768,2021-03-15 00:00:00,-0.8,15.6,0.775,68.5,1.125
40768,2021-03-16 00:00:00,2,18.3,-0.125,52,2.875
40768,2021-03-17 00:00:00,4.3,20.2,0.9375,47.75,2.875
40768,2021-03-18 00:00:00,7.2,18.5,-1.9,34.625,5.625
40768,2021-03-19 00:00:00,3.4,14.4,-7.8,32.75,4.875
40768,2021-03-20 00:00:00,-5.9,14.4,-10.2375,38.75,2.5
40768,2021-03-21 00:00:00,1.8,15.7,-6.65,34.375,3.75
40768,2021-03-22 00:00:00,-0.4,17.2,-5.43333,39.4444,4.33333
40768,2021-03-23 00:00:00,7.6,16.8,0.825,49.125,4.25
40768,2021-03-24 00:00:00,4.3,20.2,1.1,35.875,6.5
40768,2021-03-25 00:00:00,6.7,17.4,0.8125,50.75,3.875
40768,2021-03-26 00:00:00,0.3,17.6,-6.7125,36.25,3.25
40768,2021-03-27 00:00:00,2.3,16.7,-8.825,28.5,5.125
40768,2021-03-28 00:00:00,-3,10.9,-10.3375,39.25,3
40768,2021-03-29 00:00:00,-5.6,16.2,-11.0625,38.625,2.25
40768,2021-03-30 00:00:00,-6.6,20.1,-7.525,42,2
40768,2021-03-31 00:00:00,-1.2,17.9,-1.625,53.25,2.75
40768,2021-04-01 00:00:00,2.1,21.8,1.975,53.75,3.375
40768,2021-04-02 00:00:00,3.4,19.4,-0.325,42.875,3.375
40768,2021-04-03 00:00:00,3.9,14.4,-7.45,36.625,6.25
40768,2021-04-04 00:00:00,-5,16.1,-6.325,44.375,2
40768,2021-04-05 00:00:00,-1.3,17.3,-7.275,38.625,3.375
40768,2021-04-06 00:00:00,1.7,21.1,-4.2625,35.375,4.375
40768,2021-04-07 00:00:00,0.7,23.4,-6.75,33.25,1.75
40768,2021-04-08 00:00:00,2.9,23.8,-3.65,31.625,2.125
40768,2021-04-09 00:00:00,10.5,23.3,0.825,36.875,4.125
40768,2021-04-10 00:00:00,5.8,23.3,-0.375,42,4
40768,2021-04-11 00:00:00,7.5,22,1.8125,48.25,5.375
40768,2021-04-12 00:00:00,1.9,21.4,-1.5625,44.5,2.875
40768,2021-04-13 00:00:00,0.5,22.1,-3.3875,39.375,3.625
40768,2021-04-14 00:00:00,4,21.6,-4.025,35.25,4.25
40768,2021-04-15 00:00:00,-1,21.4,-10.075,24.25,2.5
40768,2021-04-16 00:00:00,2.1,21.2,-6.8375,29.5,2.5
40768,2021-04-17 00:00:00,2,23.1,-4.225,35,2.125
40768,2021-04-18 00:00:00,1.4,24.5,-2.0125,37.5,1.625
40768,2021-04-19 00:00:00,6.3,25.2,0.8375,40,2
40768,2021-04-20 00:00:00,6.2,26.9,0.9625,36.25,1.875
40768,2021-04-21 00:00:00,8.6,28.5,2.825,40.75,3
40768,2021-04-22 00:00:00,6.7,28.8,1.4375,38.75,2.375
40768,2021-04-23 00:00:00,8.6,27,3.5125,44.75,3
40768,2021-04-24 00:00:00,5.8,27.1,1.21111,39.3333,2.55556
40768,2021-04-25 00:00:00,2.8,27.6,-1.9,33.5,2.5
40768,2021-04-26 00:00:00,5.5,27.7,0.85,36.375,2.875
40768,2021-04-27 00:00:00,9,24.9,4.2625,48.75,2.125
40768,2021-04-28 00:00:00,9.3,25.3,2.0125,43.625,4.625
40768,2021-04-29 00:00:00,4.1,23.5,-0.0125,40.875,2.5
40768,2021-04-30 00:00:00,4.4,26.9,0.6125,38,1.75
40768,2021-05-01 00:00:00,5.8,25.6,1.2,41.75,4.375
40768,2021-05-02 00:00:00,3,25.1,0.711111,43.8889,2.66667
40768,2021-05-03 00:00:00,4.4,19.3,3.4125,59.375,1.375
40768,2021-05-04 00:00:00,3.6,22.9,1.95,47,2.625
40768,2021-05-05 00:00:00,6.9,24.6,1.0625,35.875,3.75
40768,2021-05-06 00:00:00,8.6,25.7,0.075,29.375,3.875
40768,2021-05-07 00:00:00,10.6,23.8,0.6125,36.5,3.375
40768,2021-05-08 00:00:00,5.6,24.2,4.0875,50.875,2.5
40768,2021-05-09 00:00:00,4.6,26.4,2.3875,43.875,2
40768,2021-05-10 00:00:00,7,26.8,0.125,31.25,3.625
40768,2021-05-11 00:00:00,7.4,25.7,2.8875,43,2
40768,2021-05-12 00:00:00,7.8,27.2,4.5875,45.625,2.875
40768,2021-05-13 00:00:00,6.5,23.6,5.8,56.875,2.75
40768,2021-05-14 00:00:00,5,24.5,4.9875,54,2.625
40768,2021-05-15 00:00:00,6.4,25.3,5.85,55.25,2.5
40768,2021-05-16 00:00:00,7,26.9,4.95,47.25,2.375
40768,2021-05-17 00:00:00,8.1,28.9,1.0875,34.625,2.25
40768,2021-05-18 00:00:00,9.4,29.4,-0.875,27.75,4.125
40768,2021-05-19 00:00:00,7.1,30.4,-1.65,28.375,3.25
40768,2021-05-20 00:00:00,7.2,31.4,-0.9875,26.875,2.25
40768,2021-05-21 00:00:00,7.3,32.4,-0.825,25.375,3.5
40768,2021-05-22 00:00:00,11.7,31.6,0.6125,26.125,3
40768,2021-05-23 00:00:00,11.6,25.2,3.15,39.25,3.875
40768,2021-05-24 00:00:00,6,28.4,1.875,37.5,3
40768,2021-05-25 00:00:00,8.2,25.2,4.875,48,5.875
40768,2021-05-26 00:00:00,6.6,24.5,5.5625,56.5,2.125
40768,2021-05-27 00:00:00,7.3,28.1,2.25,38.375,1.875
40768,2021-05-28 00:00:00,7.7,30.1,0.9375,30.5,1.75
40768,2021-05-29 00:00:00,9,30.9,-0.3375,27,2.875
40768,2021-05-30 00:00:00,9.7,30.9,-1.82222,23.4444,3.22222
40768,2021-05-31 00:00:00,8.7,31.6,-1.2875,25.25,1.5
40768,2021-06-01 00:00:00,10.2,30.7,-2.4875,23.5,2.75
40768,2021-06-02 00:00:00,10.1,32.5,-1.35,22.75,2.25
40768,2021-06-03 00:00:00,11.3,33.9,-1.6625,21.75,3.125
40768,2021-06-04 00:00:00,12.5,32.9,-2.775,20,2.25
40768,2021-06-05 00:00:00,9.8,32.4,0.2125,25.5,3.125
40768,2021-06-06 00:00:00,10,32.2,-1.625,22.375,3.625
40768,2021-06-07 00:00:00,10.3,29.7,-5.2875,18.625,3.75
40768,2021-06-08 00:00:00,6.5,31.3,-6.475,18.25,2.125
40768,2021-06-09 00:00:00,7.6,32.5,-6.1,17.375,2.125
40768,2021-06-10 00:00:00,9.3,31,-2.9375,21.125,2.125
40768,2021-06-11 00:00:00,9.4,32.5,-2.2625,21.375,2
40768,2021-06-12 00:00:00,10.1,33.8,-2.75,19.625,1.875
40768,2021-06-13 00:00:00,10.3,32.7,-4.325,19.25,2.25
40768,2021-06-14 00:00:00,7,32.2,-6.6625,16,2.625
40768,2021-06-15 00:00:00,9.2,34.8,-0.7625,21.875,2.375
40768,2021-06-16 00:00:00,11.6,37.3,0.7875,21.125,3.625
40768,2021-06-17 00:00:00,13.2,37.5,2.45,24.5,2.5
40768,2021-06-18 00:00:00,13.1,39,-0.725,18.5,3.625
40768,2021-06-19 00:00:00,12.6,35.7,-1.85,17.125,5.25
40768,2021-06-20 00:00:00,14.1,36.3,-2.475,17.125,5.25
40768,2021-06-21 00:00:00,12.2,37.7,-1.85,17.75,2.875
40768,2021-06-22 00:00:00,13.2,37.1,-2.325,17.625,3.625
40768,2021-06-23 00:00:00,12.4,36.2,-5.475,15.75,3.875
40768,2021-06-24 00:00:00,11.4,35.6,-6.6625,12.375,3.125
40768,2021-06-25 00:00:00,12.3,35.2,-6.675,12.125,3.875
40768,2021-06-26 00:00:00,14.7,36,-4.6875,14.375,4.25
40768,2021-06-27 00:00:00,14.9,34.8,-1.6125,19.375,2.25
40768,2021-06-28 00:00:00,15.6,35.7,-0.5,18.5,3.125
40768,2021-06-29 00:00:00,21.4,34.7,0.6375,18,4.75
40768,2021-06-30 00:00:00,13.6,34.8,0.675,22.5,2.375
40768,2021-07-01 00:00:00,16.1,35.1,0.5375,22.625,3.625
40768,2021-07-02 00:00:00,12.3,34.7,-0.8125,19.625,2.75
40768,2021-07-03 00:00:00,13.7,35,3.475,26.625,1.625
40768,2021-07-04 00:00:00,14.2,37,1.05,21.75,2.625
40768,2021-07-05 00:00:00,14.5,35.7,-3.15,17.875,3.125
40768,2021-07-06 00:00:00,13.8,34.9,-3.475,16.625,2.5
40768,2021-07-07 00:00:00,12.2,34.8,-4.325,16.5,2
40768,2021-07-08 00:00:00,13.3,35.7,-1.0125,18.5,2.625
40768,2021-07-09 00:00:00,14.8,36.2,5.4625,28,2.375
40768,2021-07-10 00:00:00,18.1,36.6,10.0125,39.375,3.75
40768,2021-07-11 00:00:00,15.3,35.8,3.6375,28.25,2.625
40768,2021-07-12 00:00:00,14,36.2,0.5375,19.625,2.375
40768,2021-07-13 00:00:00,14.2,36.8,5.7,25.5,3.875
40768,2021-07-14 00:00:00,15.5,36,5.3875,28.375,2.75
40768,2021-07-15 00:00:00,15.3,34.6,7.1875,36,2.75
40768,2021-07-16 00:00:00,13.7,32.8,7.1125,40.125,2.375
40768,2021-07-17 00:00:00,12.6,33,6.65,35.75,2.625
40768,2021-07-18 00:00:00,13.6,34.7,4,28.125,2.5
40768,2021-07-19 00:00:00,15.3,35,4.9375,25.875,2.375
40768,2021-07-20 00:00:00,16.3,35.1,2.6125,23.125,2.75
40768,2021-07-21 00:00:00,14.1,37.3,2.875,21.375,2.375
40768,2021-07-22 00:00:00,18.5,37.1,3.9625,21.125,3.375
40768,2021-07-23 00:00:00,16,37,0.85,20.5,2.875
40768,2021-07-24 00:00:00,16,38.3,3.3625,22.5,3.375
40768,2021-07-25 00:00:00,17.7,38.7,2.8125,19,3.375
40768,2021-07-26 00:00:00,18,37.7,1.375,18.75,4.14286
40768,2021-07-27 00:00:00,14.9,36.5,1.625,19.25,3.5
40768,2021-07-28 00:00:00,17.6,36.9,1.875,19.5,4.75
40768,2021-07-29 00:00:00,19.8,34.6,6.0125,26.25,6.125
40768,2021-07-30 00:00:00,22,34.2,6.5875,28.125,6.25
40768,2021-07-31 00:00:00,15.6,35.1,7.2875,35.625,2.75
40768,2021-08-01 00:00:00,14.3,34.5,5.95,34.875,2.875
40768,2021-08-02 00:00:00,13.8,32.2,9.325,51.25,2.875
40768,2021-08-03 00:00:00,13.7,30.8,9.5625,52.375,2.75
40768,2021-08-04 00:00:00,12.6,32.5,7.65,42.375,3
40768,2021-08-05 00:00:00,14.2,33.3,4.675,31.625,3.125
40768,2021-08-06 00:00:00,14.5,33.4,4.6875,29.25,3.875
40768,2021-08-07 00:00:00,14,33.1,6.6125,35.5,2.625
40768,2021-08-08 00:00:00,16.2,33.2,8.3125,38,2.625
40768,2021-08-09 00:00:00,13.6,36.1,5.0375,29.625,2.875
40768,2021-08-10 00:00:00,15.1,36.6,3.6375,25.25,2.25
40768,2021-08-11 00:00:00,15.4,35.8,-1.775,19.5,3.875
40768,2021-08-12 00:00:00,12.8,35.8,0.1375,20.875,2.875
40768,2021-08-13 00:00:00,14.4,34.7,-1.8375,18.875,2.875
40768,2021-08-14 00:00:00,13.6,34.4,0.9625,22.375,2.5
40768,2021-08-15 00:00:00,13.9,34.7,1.8375,24.5,4.125
40768,2021-08-16 00:00:00,14.6,34.8,-0.425,20.25,4.875
40768,2021-08-17 00:00:00,13.4,34.6,-0.5125,21.125,3.75
40768,2021-08-18 00:00:00,12.5,34,-0.7,22.75,3.375
40768,2021-08-19 00:00:00,13.1,35.1,0.175,23.25,2.625
40768,2021-08-20 00:00:00,13.5,34.5,0.9875,22.875,2.625
40768,2021-08-21 00:00:00,13.5,33.7,-0.9125,21,2.875
40768,2021-08-22 00:00:00,12,33.4,0.275,21.875,2.25
40768,2021-08-23 00:00:00,13.6,34.3,1.4875,24.375,2.5
40768,2021-08-24 00:00:00,13.2,35.4,1.175,24.5,2.375
40768,2021-08-25 00:00:00,11.7,35.1,-1.15,20.875,2.625
40768,2021-08-26 00:00:00,13.9,34.8,-3.0375,19.25,2.625
40768,2021-08-27 00:00:00,12.6,34.5,-2.55,18.625,2.75
40768,2021-08-28 00:00:00,12.8,33,1.4,26.25,2.625
40768,2021-08-29 00:00:00,11.5,33,1.1875,26.25,3.125
40768,2021-08-30 00:00:00,12.8,33.7,-0.6125,23.625,2.75
40768,2021-08-31 00:00:00,12.6,34.5,-3.6625,16.625,2.5
40768,2021-09-01 00:00:00,12.6,35,-4.3,16.625,2
40768,2021-09-02 00:00:00,13,33.8,-2.0125,18.875,2.875
40768,2021-09-03 00:00:00,13.6,33.4,-1.65,19.875,3.75
40768,2021-09-04 00:00:00,11.2,32.9,-7.7875,17.25,3.25
40768,2021-09-05 00:00:00,7.7,34,-9.1625,13.875,2.25
40768,2021-09-06 00:00:00,9.6,33.8,-8.725,13.875,2.375
40768,2021-09-07 00:00:00,9.5,32.5,-5.86667,17.2222,1.88889
40768,2021-09-08 00:00:00,10.3,33.6,-0.2,24.125,5
40768,2021-09-09 00:00:00,12.1,33.6,1.675,27.5,4.375
40768,2021-09-10 00:00:00,11.5,33.4,1.65,30.875,2.75
40768,2021-09-11 00:00:00,9.3,33.1,-1,26.625,2
40768,2021-09-12 00:00:00,9.8,32.8,-3.3,19.75,2.625
40768,2021-09-13 00:00:00,10.5,32.5,-4.1875,19,2.75
40768,2021-09-14 00:00:00,11.1,33.2,-3.8,19.625,2.25
40768,2021-09-15 00:00:00,10,34.5,-4.0625,20.375,1.75
40768,2021-09-16 00:00:00,10.3,33.1,-6.25,16.125,2.625
40768,2021-09-17 00:00:00,9.3,29.9,-3.7875,20.75,3
40768,2021-09-18 00:00:00,8.4,28.8,-3.35,24.125,2.5
40768,2021-09-19 00:00:00,9.9,30.4,-1.9625,24.625,2
40768,2021-09-20 00:00:00,7.9,31.4,-3.5125,23.375,1.875
40768,2021-09-21 00:00:00,9.4,30.7,-5.875,19.75,2.5
40768,2021-09-22 00:00:00,8,31.1,-10.8625,16.375,2.625
40768,2021-09-23 00:00:00,6.1,29.5,-7.7875,17.375,2.625
40768,2021-09-24 00:00:00,11,28.7,-1.975,21.375,3.75
40768,2021-09-25 00:00:00,11.4,27,-1.7125,26.375,3.125
40768,2021-09-26 00:00:00,4.4,27.2,-2.675,30.75,2.5
40768,2021-09-27 00:00:00,6,30.1,-2.6125,28.75,1.5
40768,2021-09-28 00:00:00,4.2,29.8,-5.5375,24.875,2.25
40768,2021-09-29 00:00:00,7.7,28.7,-3.975,23.125,2
40768,2021-09-30 00:00:00,7,28.4,-2.2625,28.625,3.375
40768,2021-10-01 00:00:00,7.9,28.4,-5.4625,24.125,2.75
40768,2021-10-02 00:00:00,3.9,27.1,-6.6625,23.375,2.625
40768,2021-10-03 00:00:00,4.7,29.2,-1.7625,32,2
40768,2021-10-04 00:00:00,5.8,29,-3.2625,26.625,4.5
40768,2021-10-05 00:00:00,5.5,26.8,-13.3625,14.75,2.875
40768,2021-10-06 00:00:00,1.8,24.7,-5.85,25.875,2.25
40768,2021-10-07 00:00:00,5,26.3,-1.1875,35.75,3
40768,2021-10-08 00:00:00,4.7,22.8,-0.725,43,1.5
40768,2021-10-09 00:00:00,1.8,21.7,-1.45,42.75,1.875
40768,2021-10-10 00:00:00,2,24.8,-2.0875,42.875,0.875
40768,2021-10-11 00:00:00,0.9,23.6,-3.1375,40.875,1.75
40768,2021-10-12 00:00:00,0.7,24.5,-4.45,33.875,1.5
40768,2021-10-13 00:00:00,1,26,-3.775,31.25,2.25
40768,2021-10-14 00:00:00,7.5,25.9,-0.575,34.25,2.625
40768,2021-10-15 00:00:00,5.5,25.9,-1.775,32.625,1.625
40768,2021-10-16 00:00:00,6.7,26.4,-0.3375,33.75,1.875
40768,2021-10-17 00:00:00,7.8,26.6,-3.6125,27.25,2.5
40768,2021-10-18 00:00:00,4.5,23.1,-8.1375,25.75,2.625
40768,2021-10-19 00:00:00,3.6,22.6,-6.8125,29.125,1.75
40768,2021-10-20 00:00:00,2.3,20.6,-2.6625,38.375,2.75
40768,2021-10-21 00:00:00,3.8,17.6,-1.5,47.875,1.875
40768,2021-10-22 00:00:00,0.2,18.7,-2.225,46.875,3.125
40768,2021-10-23 00:00:00,-0.7,21.1,-5.3125,38.25,1.625
40768,2021-10-24 00:00:00,2.1,17.5,-7.9,31.625,2.625
40768,2021-10-25 00:00:00,-1.1,21.7,-10.875,26.5,1.875
40768,2021-10-26 00:00:00,-1.9,20.3,-8.625,32.375,2.25
40768,2021-10-27 00:00:00,0.9,16.5,-5.2625,42.125,1.75
40768,2021-10-28 00:00:00,0.3,18.3,-5.4375,36.625,2
40768,2021-10-29 00:00:00,0.8,15.9,0.75,62,1.375
40768,2021-10-30 00:00:00,5.9,18.8,6.625,72.375,2.25
40768,2021-10-31 00:00:00,8,21.7,6.9125,69.5,2.25
40768,2021-11-01 00:00:00,6.4,23.2,3.4375,58.25,1
40768,2021-11-02 00:00:00,4.3,22.1,0.95,48.375,3
40768,2021-11-03 00:00:00,5.4,15.5,4.075,74.75,1.75
40768,2021-11-04 00:00:00,1.9,15.1,5.95,86.5,1.375
40768,2021-11-05 00:00:00,6.6,8.7,5.925,91,1.5
40768,2021-11-06 00:00:00,5.1,6.3,4.1375,93,1.375
40768,2021-11-07 00:00:00,2.5,9.8,-0.075,76.5,1.5
40768,2021-11-08 00:00:00,-3.9,12.5,-0.6125,73.7143,1.25
40768,2021-11-09 00:00:00,-3.3,13.8,-1.3375,72.25,0.375
40768,2021-11-10 00:00:00,-3.6,16,-1.63333,62.3333,1.44444
40768,2021-11-11 00:00:00,-1.5,13.1,1.0625,80.875,3.875
40768,2021-11-12 00:00:00,0.9,5.8,1.95,90.875,4.125
40768,2021-11-13 00:00:00,1.2,7,1.3,88.375,1.125
40768,2021-11-14 00:00:00,-3.7,9,0.0375,84.375,1.125
40768,2021-11-15 00:00:00,-0.5,6.1,1.25,95.25,0.5
40768,2021-11-16 00:00:00,1.3,9.2,3.0125,90.625,2.25
40768,2021-11-17 00:00:00,-1.9,7.3,-3.35,71.875,1.625
40768,2021-11-18 00:00:00,-4.8,7.2,-1.775,92.125,0.625
40768,2021-11-19 00:00:00,-3.8,4.4,-0.675,97.5,0.875
40768,2021-11-20 00:00:00,-3.7,10.6,0.8625,90.875,0.875
40768,2021-11-21 00:00:00,2.2,8.8,3.75,91.25,2.875
40768,2021-11-22 00:00:00,3,9.5,3.825,95.125,2
40768,2021-11-23 00:00:00,-0.8,12.4,0.3875,77.375,1.875
40768,2021-11-24 00:00:00,-2.9,14.8,-2.0375,68.75,1
40768,2021-11-25 00:00:00,-2.9,11.7,-0.55,73.375,0.875
40768,2021-11-26 00:00:00,-1,13.7,1.1625,80.125,0.75
40768,2021-11-27 00:00:00,-2,14.3,-1.3125,68,2.625
40768,2021-11-28 00:00:00,-0.8,15.9,-0.4375,61.125,1.375
40768,2021-11-29 00:00:00,3.6,15.9,-0.175,60.375,2.5
40768,2021-11-30 00:00:00,-1.2,16.7,-0.7625,64.75,1.625
40768,2021-12-01 00:00:00,-0.8,18.7,-4.375,40.875,4.5
40768,2021-12-02 00:00:00,9.6,14.2,-1.5625,60.375,5
40768,2021-12-03 00:00:00,-0.1,6.7,-2.0625,76.25,3
40768,2021-12-04 00:00:00,-4.7,10.4,-2.5875,77.375,1.125
40768,2021-12-05 00:00:00,-3,8.8,-1.0875,82.75,1.125
40768,2021-12-06 00:00:00,-2.1,9.9,0.75,82.625,2.875
40768,2021-12-07 00:00:00,-2.9,9.9,-0.25,86.75,1.5
40768,2021-12-08 00:00:00,-4.9,5.6,-0.1875,97.7143,1
40768,2021-12-09 00:00:00,-2.7,15.8,-1.5625,59.375,3.25
40768,2021-12-10 00:00:00,0.7,14.4,-2.8875,60.5,2.25
40768,2021-12-11 00:00:00,-4.7,13.1,-4,65.625,0.625
40768,2021-12-12 00:00:00,-5.7,14,-7.825,52.625,1.25
40768,2021-12-13 00:00:00,-5.9,12.9,-8.225,51.625,0.875
40768,2021-12-14 00:00:00,-6.1,10.6,-5.05,61,0.875
40768,2021-12-15 00:00:00,-1.2,9,-3.1,72.75,0.875
40768,2021-12-16 00:00:00,-6.7,9.3,-4.2875,74.875,0.875
40768,2021-12-17 00:00:00,-4.8,12.5,-0.7875,75.75,4
40768,2021-12-18 00:00:00,5.4,7.4,3.6875,91.5,1.75
40768,2021-12-19 00:00:00,0.8,9.6,0.5125,78.625,1.75
40768,2021-12-20 00:00:00,0.8,11.3,1,71.75,4.25
40768,2021-12-21 00:00:00,3.4,8.2,-5.8,45.25,5.375
40768,2021-12-22 00:00:00,0.6,7.7,-6.0125,51.125,4.375
40768,2021-12-23 00:00:00,-3.5,8.3,-4.8375,57.125,3.5
40768,2021-12-24 00:00:00,1,6.8,-4.925,54,3.5
40768,2021-12-25 00:00:00,-0.2,7.5,-6.6875,54,3.125
40768,2021-12-26 00:00:00,-6.2,7.9,-7.17778,63.6667,1.66667
40768,2021-12-27 00:00:00,-7.8,9.8,-6.5125,68.75,1.125
40768,2021-12-28 00:00:00,-7.5,9,-6.8625,64.75,1.125
40768,2021-12-29 00:00:00,-4.7,7.8,-6.1,57.125,1.125
40768,2021-12-30 00:00:00,-1.8,8,-3.85,67.125,1.25
40768,2021-12-31 00:00:00,-6.4,9.5,-5.1875,66.5,1.875
40768,2022-01-01 00:00:00,-3.4,7.3,-3,70.5,3.125
40768,2022-01-02 00:00:00,-0.3,5.2,0.5625,92,1.625
40768,2022-01-03 00:00:00,-3,4.1,-1.7375,92,1.5
40768,2022-01-04 00:00:00,-5.8,9.6,-4.3875,68.875,2
40768,2022-01-05 00:00:00,0.1,5.7,-7,56,4.875
40768,2022-01-06 00:00:00,-7.3,9.1,-8.45,57.125,1.75
40768,2022-01-07 00:00:00,-7.7,10.3,-6.2375,64.875,1.25
40768,2022-01-08 00:00:00,-8,12.6,-5.55,58.8571,1.5
40768,2022-01-09 00:00:00,-6.9,12.5,-8.1,54.875,0.875
40768,2022-01-10 00:00:00,-7.2,10.3,-6.15,51.75,1.5
40768,2022-01-11 00:00:00,0.7,11.3,-0.125,61.75,2.875
40768,2022-01-12 00:00:00,0.9,13.6,-1.325,61.875,2.875
40768,2022-01-13 00:00:00,-2.5,13.8,-0.525,63.875,3.25
40768,2022-01-14 00:00:00,4.2,11.9,0.6,64.875,5.125
40768,2022-01-15 00:00:00,1.4,5.7,-4.1375,61.125,5.5
40768,2022-01-16 00:00:00,-1.4,4,-5.775,60.375,4.875
40768,2022-01-17 00:00:00,-0.6,4,-3.4375,77.75,3.125
40768,2022-01-18 00:00:00,-9.9,-2.6,-14.45,69,3.125
40768,2022-01-19 00:00:00,-18.9,2.8,-15.675,53.125,3.25
40768,2022-01-20 00:00:00,-5.9,1.9,-8.1,69.7778,5.22222
40768,2022-01-21 00:00:00,-12.4,-3,-15.6125,59.5,3.125
40768,2022-01-22 00:00:00,-16.5,1.2,-13.375,71,1.625
40768,2022-01-23 00:00:00,-13,4.3,-11.9375,60.875,1.75
40768,2022-01-24 00:00:00,-9.7,7.7,-9.1125,54.75,2
40768,2022-01-25 00:00:00,-6.5,7.4,-6.1125,67.75,1.625
40768,2022-01-26 00:00:00,-6.9,7.6,-4.7625,67.375,2.625
40768,2022-01-27 00:00:00,3.6,6.8,-4.8875,58.75,4.375
40768,2022-01-28 00:00:00,-5.5,4.2,-9.85,55,2
40768,2022-01-29 00:00:00,-8.3,4.5,-8.8625,65.75,1.75
40768,2022-01-30 00:00:00,-8.9,4.8,-10.05,55.5,2
40768,2022-01-31 00:00:00,-6.9,5.2,-8.3625,56.25,1.875
40768,2022-02-01 00:00:00,-1.9,2.9,-4.85,83.25,2.625
40768,2022-02-02 00:00:00,-13.3,5.8,-8.9875,71.5,1.5
40768,2022-02-03 00:00:00,-9.6,4.6,-5.7,75.625,1.125
40768,2022-02-04 00:00:00,-2.3,12.8,-1.0625,64.5,3.625
40768,2022-02-05 00:00:00,-1,5.3,-3.725,69.375,3.875
40768,2022-02-06 00:00:00,-3.5,5.9,-6.5125,58.25,4.625
40768,2022-02-07 00:00:00,-4,5.8,-7.95,58.25,3.25
40768,2022-02-08 00:00:00,-6.5,10.6,-8.95,55.5,3
40768,2022-02-09 00:00:00,-6.1,13.7,-7.7625,52.875,2.5
40768,2022-02-10 00:00:00,-6.6,14.4,-6.7375,54.25,3.5
40768,2022-02-11 00:00:00,0,9.4,0.3125,82.5,2.125
40768,2022-02-12 00:00:00,-0.2,4.8,0.475,96.375,1.375
40768,2022-02-13 00:00:00,-4.9,11.5,-2.8375,76,1.75
40768,2022-02-14 00:00:00,-5,10.4,-2.55,74.375,1.375
40768,2022-02-15 00:00:00,-6.2,11.8,-3.8875,67.625,1
40768,2022-02-16 00:00:00,-3.1,10.1,-2.6875,67.875,1.75
40768,2022-02-17 00:00:00,-3.6,9,-2.45,72.75,1.75
40768,2022-02-18 00:00:00,-3.2,10,-3.725,67.375,2
40768,2022-02-19 00:00:00,-1.1,7.8,-0.7375,79.625,3.125
40768,2022-02-20 00:00:00,0.9,7.6,1.675,90.75,3.75
40768,2022-02-21 00:00:00,-0.8,9.3,-0.325,81.5,3
40768,2022-02-22 00:00:00,-2.3,12.5,-1.9,66.125,2.25
40768,2022-02-23 00:00:00,-1.5,14.9,-2.3625,60.875,1.625
40768,2022-02-24 00:00:00,-0.3,16.4,-2.75,55.875,1.5
40768,2022-02-25 00:00:00,-1.1,15,1.75,67.75,4
40768,2022-02-26 00:00:00,6.1,12.7,-0.75,57.5,3.375
40768,2022-02-27 00:00:00,-2.6,13.5,-4.5625,59.375,2
40768,2022-02-28 00:00:00,-4.2,14.5,-4.5875,55,1.875
40768,2022-03-01 00:00:00,-3.3,14.9,-5.3125,48.125,1.625
40768,2022-03-02 00:00:00,1.8,14.4,-1.9375,51.875,2
40768,2022-03-03 00:00:00,4.4,17.2,1.0625,56,3.5
40768,2022-03-04 00:00:00,6.9,10.2,-5.6,41.375,7
40768,2022-03-05 00:00:00,-1.5,10.1,-9.95,38.25,4.75
40768,2022-03-06 00:00:00,-1.2,10.4,-4.125,53.625,4.125
40768,2022-03-07 00:00:00,3.3,11.2,0.7375,72.125,2.875
40768,2022-03-08 00:00:00,1.1,13.1,-0.4,70,3.625
40768,2022-03-09 00:00:00,-2.7,14.3,-1.975,57.125,4.125
40768,2022-03-10 00:00:00,6.7,18.1,0.175,39.875,5.375
40768,2022-03-11 00:00:00,8.5,16.7,0.4375,48.25,5.125
40768,2022-03-12 00:00:00,1.6,10.5,-10.6625,28.5,5.875
40768,2022-03-13 00:00:00,4.3,16.2,-9.2875,25.875,5.625
40768,2022-03-14 00:00:00,5.9,16.8,-4.8375,35.75,4.375
40768,2022-03-15 00:00:00,-1.2,13.6,-5.5125,42.25,3.625
40768,2022-03-16 00:00:00,2.9,7.8,-9.44286,40.5714,6
40768,2022-03-17 00:00:00,-6,8,-14.6125,34.625,4
40768,2022-03-18 00:00:00,-3.6,9.5,-12.525,33.625,2.5
40768,2022-03-19 00:00:00,-4.3,12.1,-10.4125,34.625,2.875
40768,2022-03-20 00:00:00,5,16.1,-6.3625,32.375,5.375
40768,2022-03-21 00:00:00,1.2,16.9,-4.275,39.125,4.125
40768,2022-03-22 00:00:00,2.7,10.5,2.1,79.4444,1.88889
40768,2022-03-23 00:00:00,0.7,17.8,-0.5875,64.125,2.375
40768,2022-03-24 00:00:00,1.4,15.7,-2.4375,49,4.75
40768,2022-03-25 00:00:00,-3.2,9.8,-10.1375,36.375,3
40768,2022-03-26 00:00:00,-2.9,9.1,-6.975,53,3.875
40768,2022-03-27 00:00:00,-5.2,11.2,-9.15,44.125,3.875
40768,2022-03-28 00:00:00,-4.8,13.8,-11.725,32.75,4.375
40768,2022-03-29 00:00:00,-4.1,17.5,-9.0625,35.875,2.375
40768,2022-03-30 00:00:00,-6.3,20.7,-9.4625,34.125,1.625
40768,2022-03-31 00:00:00,4.7,19.9,-1.925,39.75,2.375
40768,2022-04-01 00:00:00,1.1,21.6,-1.35,46.125,1.625
40768,2022-04-02 00:00:00,2,24.5,-2.825,36.25,1.625
40768,2022-04-03 00:00:00,3.7,25.9,-4.8125,28.75,2.75
40768,2022-04-04 00:00:00,4.3,24.7,-6.2125,24.625,2.875
40768,2022-04-05 00:00:00,2.1,22.7,-8.775,24.25,2.625
40768,2022-04-06 00:00:00,3.1,21.3,-6.725,26.375,2.625
40768,2022-04-07 00:00:00,6.7,24.2,-5.625,25.5,6.125
40768,2022-04-08 00:00:00,8.4,23.4,-2.4375,28.125,3.75
40768,2022-04-09 00:00:00,13.3,18.7,0.4,41.875,4.125
40768,2022-04-10 00:00:00,2.2,18.9,0.0625,51.5,3
40768,2022-04-11 00:00:00,3.1,22.8,-4.775,33,2.5
40768,2022-04-12 00:00:00,7,23.8,-5.2875,22.25,4
40768,2022-04-13 00:00:00,13.4,23.4,-13.4875,12.375,4.75
40768,2022-04-14 00:00:00,8.1,23.7,-8.8,17.875,2.75
40768,2022-04-15 00:00:00,7,20.2,4.3875,61.125,2.875
40768,2022-04-16 00:00:00,3.2,19.3,-6.175,38.25,3.125
40768,2022-04-17 00:00:00,-0.2,17.1,-4.6,41.875,2.375
40768,2022-04-18 00:00:00,0,18.8,-7.675,35.25,1.5
40768,2022-04-19 00:00:00,2.8,26.1,-4.7125,27.125,1.75
40768,2022-04-20 00:00:00,8.5,26.9,-1.075,29.5,2.625
40768,2022-04-21 00:00:00,8.4,25.5,-1.4125,31.25,2.5
40768,2022-04-22 00:00:00,3.4,24.4,-6.075,29.625,2.25
40768,2022-04-23 00:00:00,3.8,25.1,-7.65,24.375,2
40768,2022-04-24 00:00:00,3,24.5,-4.325,30,2.625
40768,2022-04-25 00:00:00,11.2,18.6,6.8,71.125,1.875
40768,2022-04-26 00:00:00,9,19.9,8.4625,82,2.125
40768,2022-04-27 00:00:00,7.9,20.9,7.26667,74.4444,1.88889
40768,2022-04-28 00:00:00,4.5,19.3,6.825,70.375,1.75
40768,2022-04-29 00:00:00,9,17.8,8.05,75.125,2
40768,2022-04-30 00:00:00,10.3,20.3,7.1,63.625,2.375
40768,2022-05-01 00:00:00,5.2,19.9,5.925,70.125,1.875
40768,2022-05-02 00:00:00,5,17,6.8875,81,2.875
40768,2022-05-03 00:00:00,5,20.4,4.775,60,3
40768,2022-05-04 00:00:00,5.9,24.5,3,43.875,2.875
40768,2022-05-05 00:00:00,9.6,23.8,1.65556,37.2222,6.11111
40768,2022-05-06 00:00:00,8.2,23.5,-2.2625,36.125,3.625
40768,2022-05-07 00:00:00,9.5,21.9,-6.3125,23,6.125
40768,2022-05-08 00:00:00,4.4,18.6,-5,32.25,3.625
40768,2022-05-09 00:00:00,2.3,19.8,-3.3875,38.25,3.125
40768,2022-05-10 00:00:00,3.5,18.1,-0.5875,44.125,2.625
40768,2022-05-11 00:00:00,2.4,22.7,-1.5375,41.125,2.25
40768,2022-05-12 00:00:00,4.1,22.2,-1.95,36.75,3.875
40768,2022-05-13 00:00:00,3.3,18.7,0.7125,52.25,2.375
40768,2022-05-14 00:00:00,1,22.7,-2.0875,39.5,1.75
40768,2022-05-15 00:00:00,3.9,28.6,0.65,35.875,2.625
40768,2022-05-16 00:00:00,9.2,28.4,-4,24.75,4.375
40768,2022-05-17 00:00:00,5.8,26.6,-3.8875,26.5,2.625
40768,2022-05-18 00:00:00,6.2,25.2,-2.5,31,3.25
40768,2022-05-19 00:00:00,6.3,26.3,-1.375,30.625,2.75
40768,2022-05-20 00:00:00,6.7,27.9,-1.8125,27.25,3.625
40768,2022-05-21 00:00:00,10.2,25.7,-4.125,25.125,3.625
40768,2022-05-22 00:00:00,3.9,28.6,-2.95,29.125,2.625
40768,2022-05-23 00:00:00,8,29.7,-2.2,26.625,3.875
40768,2022-05-24 00:00:00,7.1,24.4,-2.0625,30.375,2.875
40768,2022-05-25 00:00:00,10.4,24.8,0.7125,34,3.25
40768,2022-05-26 00:00:00,7.4,25.5,-0.6,32.875,1.875
40768,2022-05-27 00:00:00,6.3,27.2,-1.975,29.5,2.625
40768,2022-05-28 00:00:00,6.6,27.7,0.7,36.375,3
40768,2022-05-29 00:00:00,7.6,26.4,1.8875,38.75,2.375
40768,2022-05-30 00:00:00,6.4,27.9,1.8375,34.875,1.75
40768,2022-05-31 00:00:00,7.3,29.8,-2.0375,25.125,2.375
40768,2022-06-01 00:00:00,10.4,31.3,-2.075,22.125,3.125
40768,2022-06-02 00:00:00,9.8,32,-0.8875,25.875,2.125
40768,2022-06-03 00:00:00,10.3,32,0.9375,27,2.75
40768,2022-06-04 00:00:00,12,33.4,1.75,28.5,2.25
40768,2022-06-05 00:00:00,11.6,32.7,2.5375,29.75,2.5
40768,2022-06-06 00:00:00,11.4,32.5,4.2375,35.125,2.625
40768,2022-06-07 00:00:00,11.5,33,3.3625,31.5,2.625
40768,2022-06-08 00:00:00,11.6,32.9,-0.9125,22.25,2.625
40768,2022-06-09 00:00:00,10.6,31.6,-0.9875,21.625,3.375
40768,2022-06-10 00:00:00,11.1,30.8,-3.775,19.25,3.375
40768,2022-06-11 00:00:00,9.7,31,-0.0625,25.125,2.25
40768,2022-06-12 00:00:00,10.9,32.5,1.925,28.375,1.875
40768,2022-06-13 00:00:00,13.6,32.4,-0.1375,22,2.75
40768,2022-06-14 00:00:00,13.7,30.7,-2.75,19.5,3.75
40768,2022-06-15 00:00:00,9.9,31.2,-2.5,22.375,3
40768,2022-06-16 00:00:00,9.5,31.4,-3.9,20.75,1.75
40768,2022-06-17 00:00:00,9.5,34.2,-1.6,20.25,2
40768,2022-06-18 00:00:00,12.4,37,0.7125,23,1.75
40768,2022-06-19 00:00:00,13.7,36.3,0.7875,20.875,1.875
40768,2022-06-20 00:00:00,14.4,35.6,2.7125,23.25,2.375
40768,2022-06-21 00:00:00,14.7,36,1.7875,24.125,2.125
40768,2022-06-22 00:00:00,12.3,32.3,-6.2875,15.125,3.75
40768,2022-06-23 00:00:00,11.2,30.3,-0.9125,24.125,3.25
40768,2022-06-24 00:00:00,13.2,30.3,2.675,29.625,2.25
40768,2022-06-25 00:00:00,11.5,32.4,-0.3125,23.5,2
40768,2022-06-26 00:00:00,14.6,32.9,-1.675,19.125,3.5
40768,2022-06-27 00:00:00,11.7,33.9,-2.2375,20.125,2.875
40768,2022-06-28 00:00:00,11.1,35.5,-3.55,19.125,2.25
40768,2022-06-29 00:00:00,10.6,36.1,-6.2625,15.125,2.25
40768,2022-06-30 00:00:00,14.3,37.7,-1.85,16.5,2.125
40768,2022-07-01 00:00:00,14.6,38.4,1.85,20.875,2.125
40768,2022-07-02 00:00:00,17.2,37.5,-0.05,18.875,2.5
40768,2022-07-03 00:00:00,17.3,32.5,6.7125,35.25,3.5
40768,2022-07-04 00:00:00,13.4,30.7,6.5625,39.875,3.5
40768,2022-07-05 00:00:00,13.5,31.9,5.875,34.75,3.125
40768,2022-07-06 00:00:00,16.3,32.9,3.6,26.875,4.75
40768,2022-07-07 00:00:00,18.3,35.9,2.725,24.125,3.5
40768,2022-07-08 00:00:00,15.5,35.4,2.475,24.25,2.125
40768,2022-07-09 00:00:00,17,34.5,4.2625,27,2.75
40768,2022-07-10 00:00:00,14.6,36.3,0.75,20.125,3.5
40768,2022-07-11 00:00:00,16.2,38.7,1.85,20.875,2.5
40768,2022-07-12 00:00:00,16.9,39.4,0.3375,16.875,4.625
40768,2022-07-13 00:00:00,19.1,36.8,-2.05,14.625,5.5
40768,2022-07-14 00:00:00,14.9,35.3,-5.6375,13.75,3.75
40768,2022-07-15 00:00:00,14.1,33.5,-2.9,15.5,4.5
40768,2022-07-16 00:00:00,14.9,34.7,-3.2125,16.375,3.625
40768,2022-07-17 00:00:00,13.5,35.9,-5.175,14.625,3.125
40768,2022-07-18 00:00:00,14,37.3,-5.05,13.375,4
40768,2022-07-19 00:00:00,15,36.7,-4.275,12.75,4.375
40768,2022-07-20 00:00:00,14.9,37.3,-1.8875,16.5,2.875
40768,2022-07-21 00:00:00,16.4,37.7,-0.6625,17.25,2.625
40768,2022-07-22 00:00:00,15.5,35.7,-2.375,15.875,2.875
40768,2022-07-23 00:00:00,13.6,35.8,-5.1125,14.25,2.625
40768,2022-07-24 00:00:00,13.3,35.6,-4.25,14.875,3.125
40768,2022-07-25 00:00:00,14.7,32.6,4.4375,28.875,1.875
40768,2022-07-26 00:00:00,13.6,35.8,5.2125,29.875,2.125
40768,2022-07-27 00:00:00,15.8,36.2,0.35,23.5,2.375
40768,2022-07-28 00:00:00,16.5,37.2,0.625,17.875,2.25
40768,2022-07-29 00:00:00,17.5,35,12.7875,48.125,2.875
40768,2022-07-30 00:00:00,16.1,33.5,13.375,50.625,2.375
40768,2022-07-31 00:00:00,16.9,35.2,9.8625,38.5,2.375
40768,2022-08-01 00:00:00,17,34.7,7.95,34.875,2.875
40768,2022-08-02 00:00:00,16.2,35.7,3.9375,26.375,2.125
40768,2022-08-03 00:00:00,16.3,36.7,2.6,21.75,2.125
40768,2022-08-04 00:00:00,16.2,38.3,1.0125,19.875,2.375
40768,2022-08-05 00:00:00,15.1,37.1,2.25,20.875,2.875
40768,2022-08-06 00:00:00,15.8,37.8,6.15,29.25,1.875
40768,2022-08-07 00:00:00,17.1,37.3,5.95,26.875,2.5
40768,2022-08-08 00:00:00,17.4,37.4,4.6375,23.5,2.625
40768,2022-08-09 00:00:00,17.1,37.1,4.5375,23.625,3
40768,2022-08-10 00:00:00,17.3,36.5,9.1,34.375,3
40768,2022-08-11 00:00:00,17.9,37.9,7.925,29.75,3.625
40768,2022-08-12 00:00:00,17.2,37.6,3.6625,22.5,4
40768,2022-08-13 00:00:00,15.7,35.6,-2.9875,15,5
40768,2022-08-14 00:00:00,14.9,35.9,-1.9375,17,3
40768,2022-08-15 00:00:00,14.4,37.3,-1.975,16.875,2.5
40768,2022-08-16 00:00:00,16.1,38.1,-2.6125,15.375,2.25
40768,2022-08-17 00:00:00,15.7,36.5,-3.1125,16.125,2.75
40768,2022-08-18 00:00:00,13.8,34.6,-4.1375,16.75,1.875
40768,2022-08-19 00:00:00,12,34.1,-4.65,16,3
40768,2022-08-20 00:00:00,12.2,33.9,-2.9,18.625,2.875
40768,2022-08-21 00:00:00,11.8,33.6,-1.82222,20.2222,3.11111
40768,2022-08-22 00:00:00,14.3,34.3,-0.6125,20.375,3.25
40768,2022-08-23 00:00:00,13.1,33,-0.228571,21.8571,3.85714
40768,2022-08-24 00:00:00,13.4,31.2,-0.9875,22,4.125
40768,2022-08-25 00:00:00,11.4,31.6,-2.9625,21.5,3.375
40768,2022-08-26 00:00:00,9.6,31.4,-5.075,19.875,2.875
40768,2022-08-27 00:00:00,8.7,31.1,-6.6625,18.25,2.375
40768,2022-08-28 00:00:00,9.8,31,-7.075,16.5,2.25
40768,2022-08-29 00:00:00,9,31.3,-5.55,16.4286,1.875
40768,2022-08-30 00:00:00,10.2,31.4,-7.3,15.75,2.75
40768,2022-08-31 00:00:00,10.6,31.7,-8.475,14.375,1.875
40768,2022-09-01 00:00:00,9.7,31.8,-6.4125,17.625,1.625
40768,2022-09-02 00:00:00,10.7,33.7,-6.4625,16.125,1.75
40768,2022-09-03 00:00:00,10.9,32.8,-6.7875,15.75,1.875
40768,2022-09-04 00:00:00,9.2,32.7,-10.65,14.25,2.625
40768,2022-09-05 00:00:00,11.8,33.6,-5.625,15.125,1.75
40768,2022-09-06 00:00:00,11.1,34,-5.225,16.375,1.625
40768,2022-09-07 00:00:00,11.5,33.6,-2.3125,19.75,1.875
40768,2022-09-08 00:00:00,14.5,33.3,-0.1875,22.25,2.375
40768,2022-09-09 00:00:00,13.6,32.5,-1.425,22.375,3.25
40768,2022-09-10 00:00:00,8.8,31.2,-5.8375,18.5,2
40768,2022-09-11 00:00:00,7.9,31.5,-4.275,21.5,2
40768,2022-09-12 00:00:00,8.7,31.3,1.225,31,2.5
40768,2022-09-13 00:00:00,8.3,31.8,-1.9,25.875,2
40768,2022-09-14 00:00:00,10.7,32.3,-1.625,22.125,3
40768,2022-09-15 00:00:00,13.3,30.3,-4.7,20.75,2
40768,2022-09-16 00:00:00,10.5,29.7,-4.0125,20.625,1.625
40768,2022-09-17 00:00:00,8.4,31.3,-3.525,22.75,1.875
40768,2022-09-18 00:00:00,9.7,31.6,-1.2875,24.125,2.625
40768,2022-09-19 00:00:00,11.8,32.1,-1.8625,22.125,1.875
40768,2022-09-20 00:00:00,12.2,29.6,-1.8,24.25,1.75
40768,2022-09-21 00:00:00,9.5,30,-4.7125,20,2.5
40768,2022-09-22 00:00:00,10.1,30.4,0.6125,30.375,2.25
40768,2022-09-23 00:00:00,9.3,29.9,0.5625,30.625,2.375
40768,2022-09-24 00:00:00,12.2,31.1,-1.3875,25.125,2.125
40768,2022-09-25 00:00:00,11.4,31.3,-4.575,20.75,2.875
40768,2022-09-26 00:00:00,7.5,31.8,0.075,33,2.875
40768,2022-09-27 00:00:00,6.9,31.8,-5.1875,24.625,2.5
40768,2022-09-28 00:00:00,6,30.8,-6.9125,19.125,2.5
40768,2022-09-29 00:00:00,7.3,31.5,-7.6125,17.75,1.75
40768,2022-09-30 00:00:00,9.3,31.4,-6.6375,17.75,1.75
40768,2022-10-01 00:00:00,8.6,31,-6.7375,18.375,1.75
40768,2022-10-02 00:00:00,7.4,28.1,1.1375,36.75,1.875
40768,2022-10-03 00:00:00,5.8,27.6,-3.6125,29.625,2
40768,2022-10-04 00:00:00,7.8,27.4,-6.9125,20.25,2.5
40768,2022-10-05 00:00:00,7.3,28,-7.1625,19.625,2.125
40768,2022-10-06 00:00:00,7,28.2,-7.5625,19.5,1.625
40768,2022-10-07 00:00:00,6.3,28,-6.575,22,2.25
40768,2022-10-08 00:00:00,5.9,27.2,-3.9375,28.5,2
40768,2022-10-09 00:00:00,5.1,27.4,-3.7375,30,1.375
40768,2022-10-10 00:00:00,4.8,27,-3.825,27.25,3.125
40768,2022-10-11 00:00:00,7.1,26.1,-7.125,24,2.5
40768,2022-10-12 00:00:00,3.7,24.5,-11.1875,18.125,2
40768,2022-10-13 00:00:00,1.8,24.8,-12.2875,18.75,0.625
40768,2022-10-14 00:00:00,4.8,24.2,-5.7125,22,1.375
40768,2022-10-15 00:00:00,5,25.3,-5.1125,23.125,1.875
40768,2022-10-16 00:00:00,6.3,27.1,-5.54444,23.6667,2
40768,2022-10-17 00:00:00,6.6,26.5,-6.6625,23,1.5
40768,2022-10-18 00:00:00,4.9,26.1,-7.0125,23.625,1.375
40768,2022-10-19 00:00:00,4.4,25,-0.5625,38.25,2.25
40768,2022-10-20 00:00:00,3.7,24.7,-3.275,34.5,1.5
40768,2022-10-21 00:00:00,9.6,25,-5.175,23.5,2.75
40768,2022-10-22 00:00:00,7.6,20.2,1.8125,46.625,2.25
40768,2022-10-23 00:00:00,2.5,24.5,-0.8625,42.125,2.5
40768,2022-10-24 00:00:00,4.6,23.4,0.125,41.25,3.125
40768,2022-10-25 00:00:00,5.3,23.4,-0.875,40.125,1.875
40768,2022-10-26 00:00:00,2,24.6,-2.125,38.625,1.75
40768,2022-10-27 00:00:00,3.9,23.9,-1.65,35.75,1.375
40768,2022-10-28 00:00:00,6.6,23.3,-0.35,35,3
40768,2022-10-29 00:00:00,8,21.4,-2.3625,33,2.5
40768,2022-10-30 00:00:00,1,21,-2.9125,36.875,2
40768,2022-10-31 00:00:00,8.7,20,2.3125,48.625,2.75
40768,2022-11-01 00:00:00,8.6,21,-0.6625,39.5,4.375
40768,2022-11-02 00:00:00,2.3,19.2,1.4625,56.875,1.75
40768,2022-11-03 00:00:00,0.6,16.3,-4.75,43.25,2.625
40768,2022-11-04 00:00:00,-1,16.7,-5.8375,41.25,1.5
40768,2022-11-05 00:00:00,0.2,16.3,-8.2625,35,1.875
40768,2022-11-06 00:00:00,-0.7,15.7,-10.5,30.75,2.375
40768,2022-11-07 00:00:00,-0.6,15.5,-8.3125,36.25,1.25
40768,2022-11-08 00:00:00,-3,14.6,-6.3875,44.5,1.75
40768,2022-11-09 00:00:00,-3.1,15.6,-5.125,45.625,1.875
40768,2022-11-10 00:00:00,2,14.8,1.13333,72.2222,1.44444
40768,2022-11-11 00:00:00,0,15.8,1.475,71.625,1.5
40768,2022-11-12 00:00:00,1.5,13.9,1.7,72.875,1.125
40768,2022-11-13 00:00:00,-1.6,14.2,-1.9875,65.625,1.375
40768,2022-11-14 00:00:00,-3.8,15.5,-7.775,44.75,1.375
40768,2022-11-15 00:00:00,-3.7,14.9,-8.9625,38.875,1.75
40768,2022-11-16 00:00:00,-4.6,9.5,-4.15,59.875,1
40768,2022-11-17 00:00:00,1.8,13.5,3.65,86.625,1.75
40768,2022-11-18 00:00:00,0.9,14.9,-1.1625,64.625,2.75
40768,2022-11-19 00:00:00,-2.4,13.3,-1.475,67.625,1.375
40768,2022-11-20 00:00:00,-2.6,14.7,-2.6625,60.875,0.625
40768,2022-11-21 00:00:00,-3.7,16.1,-3.5875,59,1.5
40768,2022-11-22 00:00:00,-5.4,14.1,-4.7125,55.375,1
40768,2022-11-23 00:00:00,-3.1,14.8,-5.5625,48.375,1.625
40768,2022-11-24 00:00:00,-3.1,15.5,-4.8375,49.25,1.75
40768,2022-11-25 00:00:00,0.2,13.1,-0.025,61.5,1.5
40768,2022-11-26 00:00:00,5.1,14.1,0.75,54,4.125
40768,2022-11-27 00:00:00,7.3,13.3,-3.475,47.75,2.5
40768,2022-11-28 00:00:00,-3.8,11.3,-3.15,63.5,1.375
40768,2022-11-29 00:00:00,-4.1,14,-3.1,58.125,1
40768,2022-11-30 00:00:00,0.8,11.4,-0.9375,64.25,0.75
40768,2022-12-01 00:00:00,0.5,10.4,2.4,83.25,0.875
40768,2022-12-02 00:00:00,2.4,12.6,2.75,81.875,1.375
40768,2022-12-03 00:00:00,-2.8,11.8,0.1125,78.25,1.5
40768,2022-12-04 00:00:00,-4.5,6.8,-2.275,76.125,2.25
40768,2022-12-05 00:00:00,0.4,3.9,-2.4,73.875,1.875
40768,2022-12-06 00:00:00,-1.8,3.9,-2.02222,78.5556,1.88889
40768,2022-12-07 00:00:00,-1.2,8.4,-2.85,68.875,1.75
40768,2022-12-08 00:00:00,-5.8,7.8,-4.725,72.875,1.5
40768,2022-12-09 00:00:00,-7.7,7.3,-4.9875,75.5,1.375
40768,2022-12-10 00:00:00,-6.5,6.3,-3.625,77.375,1.25
40768,2022-12-11 00:00:00,-5.8,6.8,-5.275,69.875,1
40768,2022-12-12 00:00:00,-9.5,7,-5.975,65,0.875
40768,2022-12-13 00:00:00,1.1,10.7,-0.5875,56.875,2.375
40768,2022-12-14 00:00:00,3.3,7.3,2.5375,88.125,1.875
40768,2022-12-15 00:00:00,0.9,5.8,2.275,91.875,1
40768,2022-12-16 00:00:00,2.3,8,0.65,88.625,0.875
40768,2022-12-17 00:00:00,-2.8,8.1,0.4875,86.75,1.125
40768,2022-12-18 00:00:00,-0.3,10.1,-0.75,86.125,1
40768,2022-12-19 00:00:00,-6.3,8.6,-3.525,76.875,1.25
40768,2022-12-20 00:00:00,-9.6,8.7,-4.1625,81.25,1.5
40768,2022-12-21 00:00:00,-6.1,6.6,-3.875,86.625,1.125
40768,2022-12-22 00:00:00,-7.3,3.8,-2.1625,92.375,1.375
40768,2022-12-23 00:00:00,-0.8,5.9,0.175,89.125,2.625
40768,2022-12-24 00:00:00,-1.2,1.4,-0.525,98.25,3.125
40768,2022-12-25 00:00:00,-2.4,4.1,-0.4875,98.5,1.625
40768,2022-12-26 00:00:00,-4.5,4.5,-3.5375,83.375,1.75
40768,2022-12-27 00:00:00,-8.4,0.4,-4.6375,86.375,1.375
40768,2022-12-28 00:00:00,-5.9,1.3,-6.2125,79.875,1.5
40768,2022-12-29 00:00:00,-9.6,3.9,-6.95,78,1.125
40768,2022-12-30 00:00:00,-8.4,3.8,-6.2,78.125,1.375
40768,2022-12-31 00:00:00,-9.1,3.6,-6.35,82.625,1.125
40768,2023-01-01 00:00:00,-9.5,4.3,-7.4125,76.5,1.125
40768,2023-01-02 00:00:00,-11.9,-0.2,-8.7125,90,0.75
40768,2023-01-03 00:00:00,-12.2,1,-8.8125,84,0.625
40768,2023-01-04 00:00:00,-11.6,-2.2,-6.84444,88.4444,1
40768,2023-01-05 00:00:00,-5.4,1.8,-2.0375,96,1
40768,2023-01-06 00:00:00,-2.8,5.1,-2.0625,86.625,1.5
40768,2023-01-07 00:00:00,-7.7,6,-5.25,70,2.375
40768,2023-01-08 00:00:00,-2.9,6.4,-4.275,65,3.125
40768,2023-01-09 00:00:00,-2.9,3.5,-4.15,73.875,2
40768,2023-01-10 00:00:00,-3.1,0.5,-4.925,80.25,1.5
40768,2023-01-11 00:00:00,-3.6,2.4,-5.1125,76.625,3.125
40768,2023-01-12 00:00:00,-3.2,1.6,-6.9125,72.875,4
40768,2023-01-13 00:00:00,-6.7,1.3,-7.375,75.375,1.75
40768,2023-01-14 00:00:00,-8.1,-2.4,-6.075,91.375,1.25
40768,2023-01-15 00:00:00,-5.6,0.4,-4.9375,96.75,1.125
40768,2023-01-16 00:00:00,-10.7,-4.7,-9.4625,93.75,1.375
40768,2023-01-17 00:00:00,-12.4,-2.5,-6.9625,96.5,1
40768,2023-01-18 00:00:00,-7.2,-2.9,-6.725,94.5,2
40768,2023-01-19 00:00:00,-15.6,-2.1,-13.1125,90.75,1
40768,2023-01-20 00:00:00,-23.6,-6.1,-18.7125,83.25,0.25
40768,2023-01-21 00:00:00,-23,-4.5,-18.3375,82.75,0.75
40768,2023-01-22 00:00:00,-21.7,-5.1,-16.3,84.75,0.625
40768,2023-01-23 00:00:00,-18.6,-1.6,-9.16667,88.4444,0.555556
40768,2023-01-24 00:00:00,-8.6,0.9,-6.325,90.75,1.125
40768,2023-01-25 00:00:00,-11,-0.9,-7.475,91.625,1.75
40768,2023-01-26 00:00:00,-11.1,-2.6,-6.4875,91.5,1.25
40768,2023-01-27 00:00:00,-5.9,-1,-5.1375,91.875,1.375
40768,2023-01-28 00:00:00,-11.8,-4.4,-8.075,90.875,1
40768,2023-01-29 00:00:00,-7.4,4.5,-2.8875,86.625,2
40768,2023-01-30 00:00:00,-2.3,6.7,-1.5125,75.875,2.375
40768,2023-01-31 00:00:00,-0.2,7.8,0.8,88.75,3.25
40768,2023-02-01 00:00:00,-5.4,6.1,-4.5125,73.125,1.85714
40768,2023-02-02 00:00:00,-6,5.6,-5.3375,75,3.25
40768,2023-02-03 00:00:00,-5.1,4.2,-8.075,63.375,2.625
40768,2023-02-04 00:00:00,-10.2,1.9,-9.0125,74.375,2
40768,2023-02-05 00:00:00,-8.4,6.2,-7.2875,56.5,3.75
40768,2023-02-06 00:00:00,-5.3,8.2,-3.275,70.5,2.25
40768,2023-02-07 00:00:00,0.8,7.5,-1.425,76.625,2.625
40768,2023-02-08 00:00:00,-2.7,2.4,-4.0625,80.625,3
40768,2023-02-09 00:00:00,-9.3,0.3,-8.5875,77.125,2.125
40768,2023-02-10 00:00:00,-13.2,-2.6,-12.175,73.875,1.75
40768,2023-02-11 00:00:00,-13.4,0.4,-9.275,79.375,1.375
40768,2023-02-12 00:00:00,-5.6,1.5,-4.1125,91.5,0.5
40768,2023-02-13 00:00:00,-12.2,-0.8,-7.9,90.375,1.125
40768,2023-02-14 00:00:00,-16.5,-1.4,-10.825,89.625,0.625
40768,2023-02-15 00:00:00,-11.6,,-6.25,83,1.375
40768,2023-02-16 00:00:00,-13.7,3.8,-10.275,68.625,2.25
40768,2023-02-17 00:00:00,-15,0.5,-12.3375,73.25,1.75
40768,2023-02-18 00:00:00,-17.5,1.3,-11.375,79.625,1.125
40768,2023-02-19 00:00:00,-14.9,7.7,-10.85,59.375,2.25
40768,2023-02-20 00:00:00,-5.9,8.3,-6.25,60.75,2.625
40768,2023-02-21 00:00:00,-5,9.1,-7.3,48.375,2.5
40768,2023-02-22 00:00:00,-0.6,12.4,-5.475,45.375,3.25
40768,2023-02-23 00:00:00,-1.3,12.7,-4.85,45.25,3.75
40768,2023-02-24 00:00:00,-1.7,11.4,-3.45556,58.3333,3
40768,2023-02-25 00:00:00,-2.9,12.2,-0.3625,74.5,1.5
40768,2023-02-26 00:00:00,-2.7,13.8,-1.7625,66.875,2
40768,2023-02-27 00:00:00,-2.7,15.6,-2.4,60,1.25
40768,2023-02-28 00:00:00,-3.2,14.8,-3.575,58.125,1
40768,2023-03-01 00:00:00,-3.8,14.8,-4.775,54,1.875
40768,2023-03-02 00:00:00,-2.6,15.7,-4.15,50.375,2.25
40768,2023-03-03 00:00:00,-0.8,16.8,-4.9875,43.75,3
40768,2023-03-04 00:00:00,6.3,17.6,-2.7625,35.125,5
40768,2023-03-05 00:00:00,1.3,18.9,-5.35,34.125,3.5
40768,2023-03-06 00:00:00,3.3,20.1,-2.2125,34,4.5
40768,2023-03-07 00:00:00,6.7,16.3,4.5375,68.5,2.625
40768,2023-03-08 00:00:00,3.1,9.7,3.9375,82.75,2.125
40768,2023-03-09 00:00:00,6.3,14.6,4.75,73,3
40768,2023-03-10 00:00:00,5,13.6,0.9375,65.625,3.25
40768,2023-03-11 00:00:00,-0.5,16.3,-0.9875,62.5,1.75
40768,2023-03-12 00:00:00,-1.1,19.2,-2.3,51.375,2
40768,2023-03-13 00:00:00,5.8,12.7,5.8625,81.625,2.375
40768,2023-03-14 00:00:00,5.5,16.4,6.85,78.125,1.625
40768,2023-03-15 00:00:00,3.8,19.6,3.95,60.875,4.125
40768,2023-03-16 00:00:00,5.6,14.2,-1.75,47.875,3.5
40768,2023-03-17 00:00:00,4.2,14.2,-1.1375,52.375,3.375
40768,2023-03-18 00:00:00,-0.3,17.5,-2.8,52.25,2.5
40768,2023-03-19 00:00:00,0,16,-0.4,55.625,4.75
40768,2023-03-20 00:00:00,1.5,17.5,-0.8625,56.375,2.375
40768,2023-03-21 00:00:00,2.7,10.8,0.0375,63.875,4.25
40768,2023-03-22 00:00:00,2.1,6.5,0.844444,83.4444,3.77778
40768,2023-03-23 00:00:00,1.4,9.8,0.75,72.375,1.5
40768,2023-03-24 00:00:00,-0.3,15.7,1.65,67.625,1.25
40768,2023-03-25 00:00:00,1.2,18.7,1.95,60.25,1.875
40768,2023-03-26 00:00:00,2.6,13.2,3.075,74.5,3.25
40768,2023-03-27 00:00:00,3.8,14.2,3.2125,70.375,2.375
40768,2023-03-28 00:00:00,5.4,16.6,3.2125,63.75,3
40768,2023-03-29 00:00:00,2.6,19.2,-1.7625,49.5,3.125
40768,2023-03-30 00:00:00,2.5,18.6,-4.325,33.5,3.625
40768,2023-03-31 00:00:00,3.4,14.9,0.075,61.75,5
40768,2023-04-01 00:00:00,-1,7.3,-9.7125,41.375,4.5
40768,2023-04-02 00:00:00,-3.3,11.8,-9.225,39.125,4.875
40768,2023-04-03 00:00:00,-2.6,14.9,-3.5625,49.875,2.875
40768,2023-04-04 00:00:00,0,18.3,-1.875,48.75,1.75
40768,2023-04-05 00:00:00,1.1,21.3,-3.775,38.375,3.375
40768,2023-04-06 00:00:00,4.9,20.7,-2.88889,34.1111,4.44444
40768,2023-04-07 00:00:00,12.2,20.5,-8.6,22.25,4.375
40768,2023-04-08 00:00:00,0,20.2,-5.925,28.875,4.125
40768,2023-04-09 00:00:00,9.2,22,-4.45,28,4
40768,2023-04-10 00:00:00,4.7,22.9,-1.6875,37.625,1.75
40768,2023-04-11 00:00:00,6.2,23.6,-1.925,34.625,4.75
40768,2023-04-12 00:00:00,10.3,16.8,3.475,53.375,6.875
40768,2023-04-13 00:00:00,5.1,14.8,2.4625,68.125,5
40768,2023-04-14 00:00:00,2.1,12.8,-1.1125,54.625,3.5
40768,2023-04-15 00:00:00,-0.8,17.1,-0.5875,57,2.625
40768,2023-04-16 00:00:00,1.1,18.8,0.3,53.5,1.75
40768,2023-04-17 00:00:00,2.3,20.5,0.6875,52.5,2.375
40768,2023-04-18 00:00:00,2.8,22.4,0.6,50,1.5
40768,2023-04-19 00:00:00,3.4,23.1,-0.4375,42.5,2
40768,2023-04-20 00:00:00,5.3,23.5,-0.5125,40.625,2.625
40768,2023-04-21 00:00:00,7.4,21.1,1.2,42.75,3.75
40768,2023-04-22 00:00:00,5.8,22.2,2.4,53.875,4
40768,2023-04-23 00:00:00,3.1,21.8,3.25,60.625,2.75
40768,2023-04-24 00:00:00,4.2,22.4,5.275,63.625,2.25
40768,2023-04-25 00:00:00,7.9,19.1,5.9,65.625,3.25
40768,2023-04-26 00:00:00,3.1,21.7,1.75,51.75,2.625
40768,2023-04-27 00:00:00,2.6,23,0.15,46.75,2
40768,2023-04-28 00:00:00,4.5,24.4,-0.25,40.625,2.125
40768,2023-04-29 00:00:00,6.3,24.7,0.7375,38.25,2.5
40768,2023-04-30 00:00:00,6.7,22.6,0.0875,38.375,3
40768,2023-05-01 00:00:00,7.3,21,-1.9375,37.5,3.875
40768,2023-05-02 00:00:00,0.3,20.5,-6.5,32.5,2.25
40768,2023-05-03 00:00:00,2.5,19.8,-6.4625,31.125,4.375
40768,2023-05-04 00:00:00,-0.8,16.6,-6.7125,37,3
40768,2023-05-05 00:00:00,0.2,21.8,-4.975,36.25,2.14286
40768,2023-05-06 00:00:00,2.6,26.2,-4.575,29.625,2.375
40768,2023-05-07 00:00:00,5.2,27.6,-3.8,23.3333,3.11111
40768,2023-05-08 00:00:00,10.5,26.8,-3.3625,25.375,4.875
40768,2023-05-09 00:00:00,5.6,21.8,3.325,55.75,3.625
40768,2023-05-10 00:00:00,6,21.5,4.8625,63.375,3.625
40768,2023-05-11 00:00:00,5,25.8,4.425,54,1.625
40768,2023-05-12 00:00:00,6.8,26.9,0.55,37.25,2.125
40768,2023-05-13 00:00:00,7.1,28.3,0.6875,32,3.625
40768,2023-05-14 00:00:00,11.2,22.2,2.2625,43.25,5.125
40768,2023-05-15 00:00:00,7.7,22.5,0.125,39.625,4.125
40768,2023-05-16 00:00:00,2.4,18.7,-1,44.75,3.125
40768,2023-05-17 00:00:00,3.2,24.5,-1.7625,35.5,2.25
40768,2023-05-18 00:00:00,7.5,26.9,-1.0625,29.25,4
40768,2023-05-19 00:00:00,10,27.5,2.4375,37.25,2.25
40768,2023-05-20 00:00:00,10.3,26.5,6.0125,53.875,3.75
40768,2023-05-21 00:00:00,8.5,22.7,8.925,75,4
40768,2023-05-22 00:00:00,8.5,24.2,7.5375,65.375,2
40768,2023-05-23 00:00:00,7.3,26.5,5.5375,49.75,1.625
40768,2023-05-24 00:00:00,9.8,28.1,6.7375,47.375,2.75
40768,2023-05-25 00:00:00,11.9,27,9.5875,64.25,3
40768,2023-05-26 00:00:00,9.8,23.7,9.575,74.375,2.25
40768,2023-05-27 00:00:00,7.5,25.5,7.775,60.75,1.875
40768,2023-05-28 00:00:00,9.5,27,6.9625,52.75,2.125
40768,2023-05-29 00:00:00,10.8,28.2,6.9,45.375,2.375
40768,2023-05-30 00:00:00,14.6,29.1,9.8625,53.125,3.125
40768,2023-05-31 00:00:00,14,26,10.2125,58.75,2
40768,2023-06-01 00:00:00,10,27,5.0625,46.75,2.25
40768,2023-06-02 00:00:00,8.1,27.2,3.5375,38.25,3.25
40768,2023-06-03 00:00:00,9.6,28.5,4.65,37.875,2.25
40768,2023-06-04 00:00:00,9.9,30.3,4.8625,34.625,2.125
40768,2023-06-05 00:00:00,13.6,31.7,4.2125,31.125,2.5
40768,2023-06-06 00:00:00,12.4,29.2,3.675,32.5,2.5
40768,2023-06-07 00:00:00,11.2,29.7,4.9125,35.375,2.375
40768,2023-06-08 00:00:00,11.7,26.4,9.8,66.625,2.75
40768,2023-06-09 00:00:00,9.1,25.6,8.9125,59.875,1.875
40768,2023-06-10 00:00:00,10.7,28.8,7.825,47.125,2.125
40768,2023-06-11 00:00:00,13.9,28.8,5.5875,37.5,3.25
40768,2023-06-12 00:00:00,10.8,31.2,5.45,37.875,2
40768,2023-06-13 00:00:00,13.6,31.9,4.575,34.625,3
40768,2023-06-14 00:00:00,13.2,30.8,3.3625,32,2.5
40768,2023-06-15 00:00:00,10.6,30.1,1.825,30,2.375
40768,2023-06-16 00:00:00,11.6,30.3,2.35,29.5,2
40768,2023-06-17 00:00:00,12.9,30.5,2.8875,29.625,2
40768,2023-06-18 00:00:00,12.5,31.4,0.5625,25.875,2.25
40768,2023-06-19 00:00:00,10.7,32.9,-3.9625,19.625,2.125
40768,2023-06-20 00:00:00,9.2,32.3,-5.025,19,2.75
40768,2023-06-21 00:00:00,9,32.2,-3.625,18.875,1.875
40768,2023-06-22 00:00:00,11.8,32.5,-1.2875,21,2.5
40768,2023-06-23 00:00:00,12,32.5,-1.86265e-09,22.375,2.5
40768,2023-06-24 00:00:00,13.4,32.2,0.2375,22.625,2.625
40768,2023-06-25 00:00:00,11.8,31.8,3.3375,29.875,2.5
40768,2023-06-26 00:00:00,13.4,34.7,5.3125,30.25,2
40768,2023-06-27 00:00:00,14.5,35.2,1.18571,22.8571,2.71429
40768,2023-06-28 00:00:00,15.2,34.7,-0.4625,19.375,2.375
40768,2023-06-29 00:00:00,13.6,35.4,-2.225,17.875,1.75
40768,2023-06-30 00:00:00,12.8,33.3,-0.6625,20.625,2.375
40768,2023-07-01 00:00:00,12.6,33,-0.225,22.375,2.375
40768,2023-07-02 00:00:00,14.5,33.4,2.45,24.75,2.25
40768,2023-07-03 00:00:00,14.4,34.3,4.3625,27,2.625
40768,2023-07-04 00:00:00,14.8,36.4,4.8,25.75,3.125
40768,2023-07-05 00:00:00,16.6,36.9,2.6625,22.125,3.875
40768,2023-07-06 00:00:00,17.2,34.1,3.25,22.625,5.25
40768,2023-07-07 00:00:00,15.6,35.2,3.025,23.5,4.25
40768,2023-07-08 00:00:00,15.2,36.9,2.3375,21.875,3.25
40768,2023-07-09 00:00:00,14.7,34.4,-1.3125,20.375,3.125
40768,2023-07-10 00:00:00,13.4,34.5,-1.05,19.875,2.375
40768,2023-07-11 00:00:00,14.3,34.4,1.725,22.75,2
40768,2023-07-12 00:00:00,13.9,35.8,4.0375,25,1.875
40768,2023-07-13 00:00:00,15.2,39,2.625,20.5,4.625
40768,2023-07-14 00:00:00,17.2,39.3,0.5,16.75,4.375
40768,2023-07-15 00:00:00,16.8,37.5,-0.375,18,2.875
40768,2023-07-16 00:00:00,15.7,36,-2.68889,16.1111,2.77778
40768,2023-07-17 00:00:00,14.6,34.7,-3.2875,17.375,2.25
40768,2023-07-18 00:00:00,14,34.4,4.025,28,2
40768,2023-07-19 00:00:00,14.6,35.5,6.275,30.25,2.125
40768,2023-07-20 00:00:00,17.7,36.4,7.2,29.75,3.5
40768,2023-07-21 00:00:00,16.5,37.7,4.8375,26.125,3.125
40768,2023-07-22 00:00:00,16.9,38.5,3.475,22.5,3
40768,2023-07-23 00:00:00,20.8,37.4,1.6125,17.25,5.625
40768,2023-07-24 00:00:00,17.6,37.9,1.8625,22.5,2.625
40768,2023-07-25 00:00:00,15.2,36.6,0.475,19.75,2.375
40768,2023-07-26 00:00:00,16.7,34.8,3.4,25.25,1.75
40768,2023-07-27 00:00:00,16.4,35.6,5.5,28,1.875
40768,2023-07-28 00:00:00,16,37.3,5.0375,26,2
40768,2023-07-29 00:00:00,18.3,36.9,3.55,20.875,4
40768,2023-07-30 00:00:00,19.2,35.9,2.5,18.125,5.25
40768,2023-07-31 00:00:00,17.9,36.1,2.275,20.625,2.75
40768,2023-08-01 00:00:00,16,35.8,-1.625,16.25,2.375
40768,2023-08-02 00:00:00,16,37.5,-0.8875,16.75,2.75
40768,2023-08-03 00:00:00,17.7,38.2,-0.2625,16.625,2.75
40768,2023-08-04 00:00:00,18.1,38.7,0.4375,17.75,3.25
40768,2023-08-05 00:00:00,18.8,37.1,0.0625,17,5
40768,2023-08-06 00:00:00,16.6,37.4,0.6375,19.875,2.25
40768,2023-08-07 00:00:00,16.9,36.5,-0.425,18.125,2.625
40768,2023-08-08 00:00:00,15.9,34.8,5.375,30.5,4
40768,2023-08-09 00:00:00,15.7,34.8,6,31.5,2.625
40768,2023-08-10 00:00:00,14.9,34.7,2.5,24.625,2.25
40768,2023-08-11 00:00:00,14.4,35.5,-0.7625,19.5,2.5
40768,2023-08-12 00:00:00,13.6,35,-3.0875,17.375,2.125
40768,2023-08-13 00:00:00,13.6,34.4,-0.7,21,2.75
40768,2023-08-14 00:00:00,13.7,32.9,-1,21.125,3.5
40768,2023-08-15 00:00:00,13.1,31.9,-2.2625,19.5,3.375
40768,2023-08-16 00:00:00,9.7,32.5,-5.5875,16,2.75
40768,2023-08-17 00:00:00,11.7,33.2,-5.4125,16,2.25
40768,2023-08-18 00:00:00,16.5,33.4,-2.0625,17.5,2.75
40768,2023-08-19 00:00:00,16,33.3,2.0125,24.25,2.625
40768,2023-08-20 00:00:00,17.2,34.4,2.3875,24.125,2
40768,2023-08-21 00:00:00,17.3,34.3,1.9,23.125,2.25
40768,2023-08-22 00:00:00,13.7,35.9,-1.9375,19.25,1.875
40768,2023-08-23 00:00:00,16.7,36.2,-1.15,17.375,1.875
40768,2023-08-24 00:00:00,14.8,36.2,-4.925,14.125,2
40768,2023-08-25 00:00:00,14.2,36.6,-6.8625,12.75,2.25
40768,2023-08-26 00:00:00,12.7,35.9,-1.7875,20.75,2.875
40768,2023-08-27 00:00:00,14,33.7,6.4875,34,3.125
40768,2023-08-28 00:00:00,14.8,34.4,1.3625,27.625,1.75
40768,2023-08-29 00:00:00,13.3,32.4,1.025,23.625,3.25
40768,2023-08-30 00:00:00,13.3,31,1.3,27.625,2.125
40768,2023-08-31 00:00:00,13.2,31.1,5.2125,34.75,1.875
40768,2023-09-01 00:00:00,13.5,32.7,4.05,30,1.875
40768,2023-09-02 00:00:00,13.8,35.2,2.9625,26,2.625
40768,2023-09-03 00:00:00,14.2,35.7,1.325,22.625,1.625
40768,2023-09-04 00:00:00,16.6,34.6,0.375,21.375,2.75
40768,2023-09-05 00:00:00,13.2,34.7,-2.2125,18.875,1.75
40768,2023-09-06 00:00:00,13,35,-2.675,18,1.75
40768,2023-09-07 00:00:00,13.6,35.6,-4.2375,15.75,2.125
40768,2023-09-08 00:00:00,11.6,33.5,-9.475,15.125,2
40768,2023-09-09 00:00:00,11,31.9,-5.9875,15.625,3
40768,2023-09-10 00:00:00,13.3,32,-1.875,19.625,3.375
40768,2023-09-11 00:00:00,13.1,31.9,-5.025,16.75,3.5
40768,2023-09-12 00:00:00,13,30.9,-3.15,18.125,2.375
40768,2023-09-13 00:00:00,11.6,31.7,0.125,24.375,2.5
40768,2023-09-14 00:00:00,12.9,33.3,-0.775,24.625,3.5
40768,2023-09-15 00:00:00,13.5,28.4,4.1875,36.875,2.125
40768,2023-09-16 00:00:00,9.8,29.5,1.65556,31.5556,1.33333
40768,2023-09-17 00:00:00,10.1,31.6,1.1875,31,1.75
40768,2023-09-18 00:00:00,8.6,30.2,-4.825,21.875,1.875
40768,2023-09-19 00:00:00,7.3,29.7,0.6625,31.75,2.25
40768,2023-09-20 00:00:00,8.8,30.1,2.0125,35.375,2.75
40768,2023-09-21 00:00:00,8.8,30.2,-0.1375,30.875,2
40768,2023-09-22 00:00:00,8.6,30.2,-0.625,27.875,2.625
40768,2023-09-23 00:00:00,9.6,30.2,-2.25,25.75,3
40768,2023-09-24 00:00:00,8.4,30.1,-2.1875,26.5,2.625
40768,2023-09-25 00:00:00,6.9,29.4,-2.2625,27.375,1.875
40768,2023-09-26 00:00:00,8.5,29.8,-4.725,22.5,2
40768,2023-09-27 00:00:00,9.2,27.2,-4.125,23.5,1.875
40768,2023-09-28 00:00:00,7.6,26.5,-2.8125,28.625,2.125
40768,2023-09-29 00:00:00,7.1,26.1,-2.7125,27.5,2
40768,2023-09-30 00:00:00,7,28.5,-2.75,27.875,1.75
40768,2023-10-01 00:00:00,6.2,25.4,-4.2375,27.25,2.25
40768,2023-10-02 00:00:00,11.6,22.5,2.48889,36.6667,3.44444
40768,2023-10-03 00:00:00,11.1,22.8,4.6125,46.25,3.875
40768,2023-10-04 00:00:00,11.9,21.6,6.075,57.25,3.875
40768,2023-10-05 00:00:00,6,22.2,0.6125,47.125,3.125
40768,2023-10-06 00:00:00,3.3,24.6,-2.275,34.75,1.875
40768,2023-10-07 00:00:00,5.7,25.4,3.5875,55.25,2.875
40768,2023-10-08 00:00:00,6.2,25.6,3.4625,52.25,1.75
40768,2023-10-09 00:00:00,7,26.2,-1.875,29.75,3.5
40768,2023-10-10 00:00:00,9,25.2,0.9625,34.875,3
40768,2023-10-11 00:00:00,8.1,25,3.2125,42.5,3.25
40768,2023-10-12 00:00:00,12.6,24.6,5.9875,52.875,3.375
40768,2023-10-13 00:00:00,6.6,25.7,3.3125,58.375,1.875
40768,2023-10-14 00:00:00,3.2,23.2,-2.7875,36.375,2.125
40768,2023-10-15 00:00:00,3.3,24.5,-1.425,34.625,2.25
40768,2023-10-16 00:00:00,9.5,22.7,1.4875,41,3
40768,2023-10-17 00:00:00,2.7,21,-0.35,46.5,1.75
40768,2023-10-18 00:00:00,3.1,21.7,-1.575,40.75,1.75
40768,2023-10-19 00:00:00,7.4,22.3,0.6125,37.625,2.25
40768,2023-10-20 00:00:00,6.7,23.3,0.675,43.125,1.625
40768,2023-10-21 00:00:00,4.4,23.5,-0.4875,39.875,1.875
40768,2023-10-22 00:00:00,5.8,22,-0.2375,40.25,1.125
40768,2023-10-23 00:00:00,3.2,23.6,-3.95,35,1.625
40768,2023-10-24 00:00:00,2.9,22.2,-2.8375,34.375,2.125
40768,2023-10-25 00:00:00,7.1,19.3,0.475,46.5,2
40768,2023-10-26 00:00:00,2.9,21.5,-0.2,45.25,1.75
40768,2023-10-27 00:00:00,4.6,23.3,-3.0875,38.125,2.25
40768,2023-10-28 00:00:00,1,22,-5.3125,32.5,2.375
40768,2023-10-29 00:00:00,3.1,23,-4.9875,30.625,1.75
40768,2023-10-30 00:00:00,2.9,22.8,-3.4875,33.75,1.375
40768,2023-10-31 00:00:00,6.4,15.2,2.975,60,2
40768,2023-11-01 00:00:00,8.5,15.6,9.1625,89.375,1.625
40768,2023-11-02 00:00:00,5.9,12.6,8.2375,96.25,1.75
40768,2023-11-03 00:00:00,4.9,17.4,7.9125,84.375,1.75
40768,2023-11-04 00:00:00,6.7,16.7,6.8125,81.375,2.375
40768,2023-11-05 00:00:00,4.8,16.2,5.475,77.875,1
40768,2023-11-06 00:00:00,2.4,18.3,3.425,69.5,1.875
40768,2023-11-07 00:00:00,2.6,18.2,1.75,61.375,2.25
40768,2023-11-08 00:00:00,2.3,19.8,2.6875,64.5,1.25
40768,2023-11-09 00:00:00,1.3,20.2,1.2375,59.875,0.875
40768,2023-11-10 00:00:00,2.7,20.4,-0.325,48,1.75
40768,2023-11-11 00:00:00,2.5,19.6,0.65,51.375,1.25
40768,2023-11-12 00:00:00,1.7,19.1,0.9625,56.625,1
40768,2023-11-13 00:00:00,1.8,19.4,0.1625,54.875,0.875
40768,2023-11-14 00:00:00,0.8,20.4,-2.375,45.875,1.5
40768,2023-11-15 00:00:00,3.5,12.4,0.5375,61.125,1.5
40768,2023-11-16 00:00:00,4.9,15,4.2625,71.75,1.375
40768,2023-11-17 00:00:00,1.9,16.2,1.5375,61.5,2.125
40768,2023-11-18 00:00:00,2.1,15.4,0.1625,60.125,2.75
40768,2023-11-19 00:00:00,-1.6,18.5,-1.975,51.25,1.625
40768,2023-11-20 00:00:00,5,11.9,2.9875,72.375,4.875
40768,2023-11-21 00:00:00,1.6,8.4,-2.075,64.125,3.875
40768,2023-11-22 00:00:00,-2.8,10.4,-3.8125,67.125,1.375
40768,2023-11-23 00:00:00,-1.9,11.8,-0.6375,73.5,1
40768,2023-11-24 00:00:00,-1.1,14.4,-2.9,58.875,1.75
40768,2023-11-25 00:00:00,-2.7,14.7,-1.9625,60.25,1.125
40768,2023-11-26 00:00:00,1.3,15.8,-0.6125,53.375,2.875
40768,2023-11-27 00:00:00,4.7,15.9,0.925,51,3.625
40768,2023-11-28 00:00:00,6.5,13.5,0.2125,60,2.5
40768,2023-11-29 00:00:00,-1.1,12.5,-0.5,71.75,1.375
40768,2023-11-30 00:00:00,-2.5,17.3,-1.675,65.375,1.25
40768,2023-12-01 00:00:00,-2.3,15.7,-3.85,54.625,1.75
40768,2023-12-02 00:00:00,-3.8,15.5,-3.55,58.375,1.5
40768,2023-12-03 00:00:00,-3.8,17.2,-5.4125,54.125,1.25
40768,2023-12-04 00:00:00,-4,18,-6.35,49.5,1.5
40768,2023-12-05 00:00:00,-4.2,16.5,-7.225,45.375,1.125
40768,2023-12-06 00:00:00,-5.3,13,-6.5375,47.375,1.625
40768,2023-12-07 00:00:00,1.3,12.7,-2.6625,45.875,3
40768,2023-12-08 00:00:00,-0.6,13.5,-4.2125,52.625,2.125
40768,2023-12-09 00:00:00,-3.8,10.7,-2.2125,62.125,0.875
40768,2023-12-10 00:00:00,2.3,17,-3.8125,45.875,2.25
40768,2023-12-11 00:00:00,-1.3,13.3,-4.2625,52.5,0.875
40768,2023-12-12 00:00:00,-1,9.5,-2.225,64.875,0.875
40768,2023-12-13 00:00:00,2.2,9.3,1.1375,77.375,2
40768,2023-12-14 00:00:00,3,9,0.8625,78.625,2.875
40768,2023-12-15 00:00:00,-1,10.5,-4.5875,61.875,2
40768,2023-12-16 00:00:00,-4.5,14.6,-3.7375,62.875,0.75
40768,2023-12-17 00:00:00,-2.6,18.4,-5.65,44.875,2.125
40768,2023-12-18 00:00:00,0.9,13.7,-7.55,43.25,2.375
40768,2023-12-19 00:00:00,-6,9.2,-4.8375,66.5,1.25
40768,2023-12-20 00:00:00,-6.4,9.7,-3.625,69.375,1.5
40768,2023-12-21 00:00:00,-4.2,10.6,-4.05,63.5,1.375
40768,2023-12-22 00:00:00,-5.1,8.8,-2.725,61.125,4.125
40768,2023-12-23 00:00:00,4.5,9.4,-1.3625,55.5,4.5
40768,2023-12-24 00:00:00,6,11.3,-0.6,56.25,5.5
40768,2023-12-25 00:00:00,4.4,10,-0.9125,59.5,3.625
40768,2023-12-26 00:00:00,-1.2,13,-3.875,60.125,3.25
40768,2023-12-27 00:00:00,-4.6,12.7,-3.275,66.125,1
40768,2023-12-28 00:00:00,-2,10.1,0.3125,75.125,1.875
40768,2023-12-29 00:00:00,-4.5,12,-1.1375,79.25,1.625
40768,2023-12-30 00:00:00,-5.4,12.2,-1.4625,74.875,0.875
40768,2023-12-31 00:00:00,-4.3,13.4,-2.35,65,1.75
40768,2024-01-01 00:00:00,-0.4,12.4,-2.3125,63.75,1.625
40768,2024-01-02 00:00:00,-4.6,10.4,-2.9375,66.75,1.125
40768,2024-01-03 00:00:00,-3.2,10.6,-4.625,57.375,2.375
40768,2024-01-04 00:00:00,-5.5,12.9,-6.8125,55.5,2.125
40768,2024-01-05 00:00:00,-4.2,11.3,-5.1875,53.5,2.75
40768,2024-01-06 00:00:00,2,9,-4.7625,55,4.75
40768,2024-01-07 00:00:00,-8.1,9.7,-8.4625,57.5,1.5
40768,2024-01-08 00:00:00,-8,13.9,-13.125,35.25,1.875
40768,2024-01-09 00:00:00,-0.4,16,-21.0125,11.375,3.75
40768,2024-01-10 00:00:00,-0.2,13.7,-14.4,23.625,4.5
40768,2024-01-11 00:00:00,2.5,8.5,-0.8,68.375,2.75
40768,2024-01-12 00:00:00,0.3,8.1,-1.1375,72.875,3.625
40768,2024-01-13 00:00:00,3.6,7.9,-2.8375,56.25,5.25
40768,2024-01-14 00:00:00,3.8,10.1,-1.7,53.375,4.375
40768,2024-01-15 00:00:00,2.8,10.5,0.0375,75.5,2.5
40768,2024-01-16 00:00:00,-5.2,9.5,-5.3625,63,1.75
40768,2024-01-17 00:00:00,-7,10.8,-4.8375,64,1.375
40768,2024-01-18 00:00:00,-2.9,11.4,-3.7,67.5,1.25
40768,2024-01-19 00:00:00,-5.6,12.3,-4.8125,65,1.125
40768,2024-01-20 00:00:00,-5.8,11.8,-6.025,56.625,1.375
40768,2024-01-21 00:00:00,-4.9,12.2,-5.4,53.5,2.5
40768,2024-01-22 00:00:00,-2.8,13.7,-3.525,58.625,2.25
40768,2024-01-23 00:00:00,0.9,9.4,2.65,85.5,1.5
40768,2024-01-24 00:00:00,0.7,10.6,0.2,73.25,3.625
40768,2024-01-25 00:00:00,-0.1,8.1,-2.0625,66.875,2.625
40768,2024-01-26 00:00:00,-2.8,9.8,-1.2,74,1.875
40768,2024-01-27 00:00:00,0.8,6.9,0.625,87.25,2.375
40768,2024-01-28 00:00:00,-5.5,4.3,-3.9875,75.625,3.25
40768,2024-01-29 00:00:00,-5.1,5.3,-4.3375,76.5,1.375
40768,2024-01-30 00:00:00,-6.4,6.2,-3.9125,76.75,1.75
40768,2024-01-31 00:00:00,-3.7,6.8,-1.775,85.875,1.25
40768,2024-02-01 00:00:00,-3.5,4.4,-2.8,82.875,3.625
40768,2024-02-02 00:00:00,-3.7,0.1,-3.35,93.875,2.625
40768,2024-02-03 00:00:00,-12.2,3.5,-8.875,77.75,2.625
40768,2024-02-04 00:00:00,-11,3.6,-8.6375,70,3.25
40768,2024-02-05 00:00:00,-4.3,5.7,-3.5375,69.625,2.875
40768,2024-02-06 00:00:00,0.6,6.6,-3.1875,64.125,3.375
40768,2024-02-07 00:00:00,-3.3,7.3,-4.625,66.5,3.75
40768,2024-02-08 00:00:00,-5,12.4,-5.4,62.375,2.75
40768,2024-02-09 00:00:00,-4.4,14.1,-5.6625,57.125,2.25
40768,2024-02-10 00:00:00,-3.3,13.5,-4.6375,54.125,1.25
40768,2024-02-11 00:00:00,-4.6,14.3,-4.5625,57.25,2.125
40768,2024-02-12 00:00:00,-3.9,16.1,-5.1375,52,2
40768,2024-02-13 00:00:00,-3.2,17.3,-4.725,47.25,1.625
40768,2024-02-14 00:00:00,-1.5,16,-1.8,50.5,4
40768,2024-02-15 00:00:00,5.7,11.9,4.0625,81.375,3.75
40768,2024-02-16 00:00:00,-0.2,4.7,1.55,96,2
40768,2024-02-17 00:00:00,-3.4,7.1,-1.25,84.25,1.875
40768,2024-02-18 00:00:00,-0.5,7.8,-1.5625,71.25,2.75
40768,2024-02-19 00:00:00,0.2,4.4,-0.6375,84.25,2
40768,2024-02-20 00:00:00,-3.1,7.3,-1.05,83,1.5
40768,2024-02-21 00:00:00,-1.5,7.6,-1.3125,77.75,1.25
40768,2024-02-22 00:00:00,-2.8,10.4,-2.6375,67.5,2
40768,2024-02-23 00:00:00,-4,11.8,-2.375,63.875,2.125
40768,2024-02-24 00:00:00,0.2,10.9,0.4625,76.25,2.25
40768,2024-02-25 00:00:00,-2.5,0.7,-3.4875,90.625,3.625
40768,2024-02-26 00:00:00,-7.5,2.4,-6.55,86.25,3.375
40768,2024-02-27 00:00:00,-5.8,-0.8,-5.4375,87.125,3.25
40768,2024-02-28 00:00:00,-4.6,-1.6,-5.7125,88.375,3.125
40768,2024-02-29 00:00:00,-10.9,-0.1,-12.0375,62.875,2
40768,2024-03-01 00:00:00,-9.9,4.8,-11.525,55.625,1.5
40768,2024-03-02 00:00:00,-10.1,8.2,-7.6125,65.75,1.125
40768,2024-03-03 00:00:00,-7,11.5,-4.7625,63.25,1.625
40768,2024-03-04 00:00:00,-1,5.2,0.0875,88.625,1.875
40768,2024-03-05 00:00:00,-0.6,7.8,-1.11759e-08,87.625,2.375
40768,2024-03-06 00:00:00,-3.6,11.7,-4.2,62.25,2.375
40768,2024-03-07 00:00:00,-2.4,12.5,-3.125,52.875,4
40768,2024-03-08 00:00:00,1.3,11.4,-5.075,43.875,3
40768,2024-03-09 00:00:00,-3.7,11.2,-6.1,49.75,2.625
40768,2024-03-10 00:00:00,1.2,12.5,-4.0625,44.5,3.5
40768,2024-03-11 00:00:00,2.8,12,-1.05,68.125,2.5
40768,2024-03-12 00:00:00,-2.8,12.2,-1.6875,69.875,1.75
40768,2024-03-13 00:00:00,-3,17.7,-4.2,56.8,1.875
40768,2024-03-14 00:00:00,-4.4,19,-2.65,60.5,1.875
40768,2024-03-15 00:00:00,7.9,17.5,2.2,54.875,3.875
40768,2024-03-16 00:00:00,2.1,12.8,1.85,75.25,2.75
40768,2024-03-17 00:00:00,1.1,15.9,-3.7125,46.5,3.125
40768,2024-03-18 00:00:00,2,11.7,2.825,74.25,3.5
40768,2024-03-19 00:00:00,6.1,13.7,4.7875,81.125,4.125
40768,2024-03-20 00:00:00,3,10.2,-1.425,59.125,4.125
40768,2024-03-21 00:00:00,-0.1,12.2,-1.0875,63.625,2.875
40768,2024-03-22 00:00:00,-1.4,16,-0.475,65.4286,2.75
40768,2024-03-23 00:00:00,0.5,14.9,-0.775,43.5,3
40768,2024-03-24 00:00:00,0.1,16.2,-1.2375,59.25,5
40768,2024-03-25 00:00:00,4,9.2,1.125,72.625,4.75
40768,2024-03-26 00:00:00,-2.2,11,-3.475,54.5,3
40768,2024-03-27 00:00:00,3.6,12.2,-1.4125,52.625,4
40768,2024-03-28 00:00:00,0.7,13.8,-2.5625,51.625,2.75
40768,2024-03-29 00:00:00,-4.1,15.9,-7.35,45.125,2
40768,2024-03-30 00:00:00,-4.5,18.4,-4.3875,47.25,1.875
40768,2024-03-31 00:00:00,0.5,18.1,-4.5625,39.25,3.125
40768,2024-04-01 00:00:00,-0.2,18.4,-3.775,45.875,2.375
40768,2024-04-02 00:00:00,-1.2,17.5,-3.45,46.25,1.875
40768,2024-04-03 00:00:00,-0.1,19.8,-2.825,44.125,1.375
40768,2024-04-04 00:00:00,2.9,20.8,-1.275,42.125,2.625
40768,2024-04-05 00:00:00,2.9,21.1,-1.125,42,3
40768,2024-04-06 00:00:00,4.2,22,0.15,46.75,1.875
40768,2024-04-07 00:00:00,4.7,21.7,-0.975,38.5,3
40768,2024-04-08 00:00:00,6.2,20.5,4.175,60.125,2.875
40768,2024-04-09 00:00:00,5.2,23.2,2.775,50,3
40768,2024-04-10 00:00:00,4.8,15.1,5.2,82.875,3.75
40768,2024-04-11 00:00:00,1.4,15.2,3.1375,76.875,2.625
40768,2024-04-12 00:00:00,4.3,11.6,1.6875,72.5,3.125
40768,2024-04-13 00:00:00,-3,15.4,-2.75,57.125,2
40768,2024-04-14 00:00:00,-1.7,16.8,-4.7375,48.125,1.5
40768,2024-04-15 00:00:00,0,18.6,-0.7125,51.375,3.125
40768,2024-04-16 00:00:00,1.9,18.2,0.575,53.625,3.125
40768,2024-04-17 00:00:00,0.9,19.5,0.55,51.625,1.75
40768,2024-04-18 00:00:00,2.5,21.8,1.225,47,2.125
40768,2024-04-19 00:00:00,5.2,21.6,2.225,51.625,3.75
40768,2024-04-20 00:00:00,4.1,22.7,2.2375,50,2.875
40768,2024-04-21 00:00:00,5.2,21.3,4.05,57.625,3.125
40768,2024-04-22 00:00:00,7.3,12.7,7.92222,89.4444,2.44444
40768,2024-04-23 00:00:00,6.2,14,6.2625,85,2.375
40768,2024-04-24 00:00:00,4.4,17.9,3.55,62.375,2.125
40768,2024-04-25 00:00:00,2.3,21.2,4.025,63.625,1.125
40768,2024-04-26 00:00:00,3.6,22.3,3.2,56.625,1.625
40768,2024-04-27 00:00:00,2.8,22.5,1.3,46.75,2.125
40768,2024-04-28 00:00:00,4.4,22.2,1.95,48.75,1.875
40768,2024-04-29 00:00:00,3.5,24.2,0.7,44.875,2
40768,2024-04-30 00:00:00,4.7,22.6,3.325,47.125,3
40768,2024-05-01 00:00:00,10.6,20.7,8.425,73.625,3
40768,2024-05-02 00:00:00,9.4,14.9,10.3875,94.25,1.75
40768,2024-05-03 00:00:00,8.2,15.7,7.975,86.625,3
40768,2024-05-04 00:00:00,5.7,17.4,4.8875,61.375,3.875
40768,2024-05-05 00:00:00,6.4,19,5.6125,65,3
40768,2024-05-06 00:00:00,8.3,15.4,7.2625,74.125,3.125
40768,2024-05-07 00:00:00,5.6,18.2,4.0375,64.5,3
40768,2024-05-08 00:00:00,5.7,17.9,1.3625,52.375,3.125
40768,2024-05-09 00:00:00,2.7,17.2,3.0125,63.625,2.125
40768,2024-05-10 00:00:00,2.6,21,2.175,52.875,2.375
40768,2024-05-11 00:00:00,4.2,24.1,4.55,50.5,1.875
40768,2024-05-12 00:00:00,8.8,27.8,5.075,40.75,4
40768,2024-05-13 00:00:00,12.2,24,7.6375,59.5,3.5
40768,2024-05-14 00:00:00,8.6,21.7,5.5125,60,3
40768,2024-05-15 00:00:00,3.9,23.4,-0.8,42.875,2.625
40768,2024-05-16 00:00:00,5,22.8,1.9625,44.375,2.875
40768,2024-05-17 00:00:00,5.9,22.8,2.05,46.25,3.5
40768,2024-05-18 00:00:00,5.5,21.9,1.45,42.625,3.75
40768,2024-05-19 00:00:00,5,23,3.675,50,2.125
40768,2024-05-20 00:00:00,7.3,26,5.375,55.75,2.125
40768,2024-05-21 00:00:00,8,25,7.1375,61.75,3.25
40768,2024-05-22 00:00:00,7.4,22.3,9.25,76.25,3.375
40768,2024-05-23 00:00:00,7.7,23.6,8.9625,70.625,2.375
40768,2024-05-24 00:00:00,8.6,26.4,7.0375,55.125,2.25
40768,2024-05-25 00:00:00,7.6,28.5,4.95,49.625,2.25
40768,2024-05-26 00:00:00,8.1,29,3.2625,41.75,3.125
40768,2024-05-27 00:00:00,6.4,28.2,1.1875,36,2.125
40768,2024-05-28 00:00:00,8.1,28.2,2.175,36.25,2.5
40768,2024-05-29 00:00:00,9.5,29.7,2.525,34.5,2.25
40768,2024-05-30 00:00:00,9.8,31.1,5.475,38.625,1.625
40768,2024-05-31 00:00:00,11.2,34.1,3.9625,33.875,2.25
40768,2024-06-01 00:00:00,12,32.1,1.81111,28.7778,2.44444
40768,2024-06-02 00:00:00,6.9,29.5,0.225,29.5,2.5
40768,2024-06-03 00:00:00,8.8,29.6,2.525,34.75,1.75
40768,2024-06-04 00:00:00,8.7,31,3.2,33.625,2.625
40768,2024-06-05 00:00:00,9.6,31.6,4.55,34.5,2.75
40768,2024-06-06 00:00:00,13.1,30.2,4.4375,35.875,4.625
40768,2024-06-07 00:00:00,10.4,30.8,6.2625,44,3.625
40768,2024-06-08 00:00:00,12.3,32.1,5.225,34.625,2
40768,2024-06-09 00:00:00,16.9,33.4,2.075,24.125,5
40768,2024-06-10 00:00:00,14.1,28.8,8.4625,55.125,3.5
40768,2024-06-11 00:00:00,12,31.5,6.1625,42.375,3.5
40768,2024-06-12 00:00:00,12.1,32,4.875,36.125,2.375
40768,2024-06-13 00:00:00,12.8,31.8,6.2375,36.75,2.5
40768,2024-06-14 00:00:00,12.7,31,7.125,44.25,2.875
40768,2024-06-15 00:00:00,10.4,32.2,8.325,47.125,2
40768,2024-06-16 00:00:00,13.1,33.6,7.9625,42,1.875
40768,2024-06-17 00:00:00,12.3,32.5,4.7,34,2.25
40768,2024-06-18 00:00:00,13.1,33.7,3.4625,29.5,2.5
40768,2024-06-19 00:00:00,13.2,33.3,4.975,31.625,2.625
40768,2024-06-20 00:00:00,12.7,32.1,4.0375,31.625,2
40768,2024-06-21 00:00:00,12.8,33.4,3.65,30.875,2.625
40768,2024-06-22 00:00:00,13.9,34.1,3.4625,28.125,2.75
40768,2024-06-23 00:00:00,15.5,34.6,2.4875,25.25,3
40768,2024-06-24 00:00:00,14.7,32.5,4.4,32.5,2.5
40768,2024-06-25 00:00:00,10.8,31.9,5.7125,39.875,2.75
40768,2024-06-26 00:00:00,13,32,6.4125,37.375,2.625
40768,2024-06-27 00:00:00,13.6,33.9,6.05,33.125,2.5
40768,2024-06-28 00:00:00,13.4,36.1,4.2,28.375,2.5
40768,2024-06-29 00:00:00,14.9,35.1,2.0375,25,2.5
40768,2024-06-30 00:00:00,15.1,34.1,6.2875,32,2.25
40768,2024-07-01 00:00:00,13.1,35,6.85,34,2.25
40768,2024-07-02 00:00:00,15.4,33.3,2.8625,26.5,2.25
40768,2024-07-03 00:00:00,12.4,33.1,1.35,23,2.375
40768,2024-07-04 00:00:00,13.1,34.7,1.7625,23.125,2.125
40768,2024-07-05 00:00:00,14.4,37.7,3.7625,23.25,2.5
40768,2024-07-06 00:00:00,17.5,36.8,2.4375,19.875,4.75
40768,2024-07-07 00:00:00,17.8,37.8,2.325,19.125,4.375
40768,2024-07-08 00:00:00,16.9,36.8,1.6,20.375,4.375
40768,2024-07-09 00:00:00,15.5,35.1,0.55,21.125,2.375
40768,2024-07-10 00:00:00,17.1,35.4,3.025,23.125,2.375
40768,2024-07-11 00:00:00,16.4,35.3,6.0875,28.625,2.25
40768,2024-07-12 00:00:00,15.7,34.9,4.9375,27,2
40768,2024-07-13 00:00:00,15.5,37.4,6.1625,28,2.75
40768,2024-07-14 00:00:00,15.7,36.7,6.8125,29.25,2.25
40768,2024-07-15 00:00:00,16.6,37,5,27,3
40768,2024-07-16 00:00:00,14.3,36.6,0.8875,22.75,2.375
40768,2024-07-17 00:00:00,15.3,37.1,-0.2375,19.875,2
40768,2024-07-18 00:00:00,14.7,37.2,2.9375,22.25,1.875
40768,2024-07-19 00:00:00,15.5,36.6,5.2,25.875,3.875
40768,2024-07-20 00:00:00,17.2,35.9,4.45,26.375,1.875
40768,2024-07-21 00:00:00,16.2,35.8,3.475,24.625,2.625
40768,2024-07-22 00:00:00,18.9,35.8,8.7875,34.875,2.5
40768,2024-07-23 00:00:00,17,35.8,8.0125,32.5,1.625
40768,2024-07-24 00:00:00,16.4,38,5.1625,26,2.125
40768,2024-07-25 00:00:00,17.1,37.3,3.9,22.125,2.75
40768,2024-07-26 00:00:00,16.6,36.6,4.325,23.25,2.875
40768,2024-07-27 00:00:00,15.1,36.9,1.925,20.75,2.375
40768,2024-07-28 00:00:00,16.1,38.6,3.625,23.625,2.625
40768,2024-07-29 00:00:00,17.3,35,10.4375,43.5,3.75
40768,2024-07-30 00:00:00,14.9,37.1,6.5625,35.375,1.875
40768,2024-07-31 00:00:00,15.3,36.9,2.3125,22.75,3.125
40768,2024-08-01 00:00:00,15.3,37.4,0.875,19.75,2.25
40768,2024-08-02 00:00:00,15.3,37.1,3.0625,23,2.5
40768,2024-08-03 00:00:00,17.1,35.9,4.7125,28.375,2.125
40768,2024-08-04 00:00:00,16.1,36.6,2.575,23.75,1.75
40768,2024-08-05 00:00:00,15.4,39.9,4.4125,23.75,3
40768,2024-08-06 00:00:00,17.1,39.5,3.05,21.5,2.375
40768,2024-08-07 00:00:00,17.5,39.2,1.5125,18.375,2.75
40768,2024-08-08 00:00:00,17.3,39.1,2.4625,19.875,2.375
40768,2024-08-09 00:00:00,17.1,40.2,6.1125,26.25,1.875
40768,2024-08-10 00:00:00,17.5,40.1,3.7125,21.125,2.25
40768,2024-08-11 00:00:00,19.2,40.2,3.7125,19.375,2.5
40768,2024-08-12 00:00:00,20,37.5,4.825,23.125,2.25
40768,2024-08-13 00:00:00,17.8,36.9,3.05,22.5,3
40768,2024-08-14 00:00:00,16.6,35.8,5.1,28.625,1.875
40768,2024-08-15 00:00:00,15.1,36.3,4.8125,27.75,2.125
40768,2024-08-16 00:00:00,15.7,36.6,4.7625,26.25,2.75
40768,2024-08-17 00:00:00,18.6,34.3,9.3,35.5,3
40768,2024-08-18 00:00:00,17.2,36.8,6.35,31.875,1.875
40768,2024-08-19 00:00:00,14.3,34.6,1.3375,24.5,2.875
40768,2024-08-20 00:00:00,13.4,35.7,3.7875,26.625,2.375
40768,2024-08-21 00:00:00,15.3,35,3.8625,26.875,3.125
40768,2024-08-22 00:00:00,15.9,35.6,3.8625,24.5,1.625
40768,2024-08-23 00:00:00,17,36.1,1.45,19.75,1.875
40768,2024-08-24 00:00:00,15.1,37.2,-1.1,17.25,1.625
40768,2024-08-25 00:00:00,15.6,36.4,-0.3125,19.125,2
40768,2024-08-26 00:00:00,16.2,36.1,2.5,22.75,2.625
40768,2024-08-27 00:00:00,13.6,37.1,-1.125,20.5,2
40768,2024-08-28 00:00:00,13,37.1,-0.5125,19.5,2.625
40768,2024-08-29 00:00:00,16,34.5,4.1875,28.25,5.125
40768,2024-08-30 00:00:00,13.6,33.9,0.175,23.5,4.25
40768,2024-08-31 00:00:00,11,35.2,-2.2625,21.5,3
40768,2024-09-01 00:00:00,10.4,35.7,-3.775,17.75,2.625
40768,2024-09-02 00:00:00,11.2,35.7,-3.95,17.375,2.75
40768,2024-09-03 00:00:00,11.6,35.8,-5.0375,17.25,2.625
40768,2024-09-04 00:00:00,10.7,36.9,-5.1625,16,1.75
40768,2024-09-05 00:00:00,13.7,35.8,-4.325,16.625,2
40768,2024-09-06 00:00:00,11.7,34,-4.21429,19,2.14286
40768,2024-09-07 00:00:00,10.5,32.3,0.4,25.875,2.75
40768,2024-09-08 00:00:00,12.3,33.3,1.7625,28.875,2
40768,2024-09-09 00:00:00,10.8,33.2,0.6125,27.125,1.625
40768,2024-09-10 00:00:00,11.4,34.1,0.45,26.125,1.375
40768,2024-09-11 00:00:00,11.4,34.6,-2.375,20.25,2.25
40768,2024-09-12 00:00:00,13.2,33.7,-0.425,23,1.875
40768,2024-09-13 00:00:00,13,34.3,-0.425,22.75,2.25
40768,2024-09-14 00:00:00,10.3,30.2,2.0625,31.5,2.75
40768,2024-09-15 00:00:00,10.8,29.7,4.05,36.75,1.75
40768,2024-09-16 00:00:00,11.1,30.4,1.9625,31.875,2.25
40768,2024-09-17 00:00:00,10.1,29.8,0.4125,27.625,1.625
40768,2024-09-18 00:00:00,11.5,29.3,2.1,31.875,2
40768,2024-09-19 00:00:00,9.7,29,3.65,37.5,1.625
40768,2024-09-20 00:00:00,10.2,27.9,0.375,31.75,2
40768,2024-09-21 00:00:00,9,27.2,1.1875,32.375,1.875
40768,2024-09-22 00:00:00,9.8,29.2,1.2375,30.625,1.875
40768,2024-09-23 00:00:00,10.9,31.5,2.0625,30.75,2.875
40768,2024-09-24 00:00:00,12,30.8,3.2,32.125,3
40768,2024-09-25 00:00:00,10.3,32,-0.225,29.375,1.75
40768,2024-09-26 00:00:00,8.3,29.4,2.2625,35.125,1.625
40768,2024-09-27 00:00:00,9.9,28,5.55556,43.1111,2.88889
40768,2024-09-28 00:00:00,10.9,19.8,5.525,62,2.875
40768,2024-09-29 00:00:00,3.7,19.2,3.5375,61.625,3.25
40768,2024-09-30 00:00:00,5.7,25.4,2.425,47.5,2.625
40768,2024-10-01 00:00:00,5.3,28.3,2.7,41.875,2.25
40768,2024-10-02 00:00:00,14.6,27.3,2.025,26.875,5
40768,2024-10-03 00:00:00,15.2,26.7,-0.15,28,3.875
40768,2024-10-04 00:00:00,6.4,26,-1.4625,34.25,1.5
40768,2024-10-05 00:00:00,4.7,24.2,-0.3375,37.125,2.125
40768,2024-10-06 00:00:00,5.2,25,-1.125,39,1.25
40768,2024-10-07 00:00:00,3.7,27.1,-0.6125,36.875,1.125
40768,2024-10-08 00:00:00,5,27.8,-3.4125,28.625,1.5
40768,2024-10-09 00:00:00,6.7,27,-5.4625,24.125,1.875
40768,2024-10-10 00:00:00,7.3,27.6,-6.7125,21.875,1.875
40768,2024-10-11 00:00:00,5.5,26.5,-6.3875,23.75,1.625
40768,2024-10-12 00:00:00,5.7,25.1,-5.675,24.25,2
40768,2024-10-13 00:00:00,6.6,25.2,-2.425,29.75,2.125
40768,2024-10-14 00:00:00,6.4,26.1,-3.4,28.125,2
40768,2024-10-15 00:00:00,6.8,25.7,-2.1125,31.375,1.5
40768,2024-10-16 00:00:00,7.6,25.3,-1.325,32.875,1.375
40768,2024-10-17 00:00:00,5.6,25.1,-1.5,32.125,1.75
40768,2024-10-18 00:00:00,6.9,25.4,-2.2625,27.625,3.625
40768,2024-10-19 00:00:00,11.1,21.8,0.975,32,4.125
40768,2024-10-20 00:00:00,13.5,21.2,-5.5875,24.375,4
40768,2024-10-21 00:00:00,6.6,17.4,-17.5375,13.125,2.875
40768,2024-10-22 00:00:00,-3.5,17,-16.425,18.875,1.875
40768,2024-10-23 00:00:00,-2.1,15.6,-11.225,33.625,2.5
40768,2024-10-24 00:00:00,-4.3,13.9,-5.3375,51,2.125
40768,2024-10-25 00:00:00,0.4,14.4,-6.475,45.125,2.5
40768,2024-10-26 00:00:00,-2,18.4,-13.5875,25.75,1.625
40768,2024-10-27 00:00:00,-3.2,17.4,-13.4375,23.5,2.125
40768,2024-10-28 00:00:00,-3.9,18.4,-6.95,38,1.5
40768,2024-10-29 00:00:00,-2.8,18.7,-4.475,47.875,1.25
40768,2024-10-30 00:00:00,-2.5,19.3,-4.8875,46.125,1.5
40768,2024-10-31 00:00:00,-2.5,18.7,-2.1875,49.375,1.75
40768,2024-11-01 00:00:00,1.5,19.8,4.325,73.25,2.125
40768,2024-11-02 00:00:00,7.5,17.7,7.825,82.125,1.375
40768,2024-11-03 00:00:00,6,16.7,6.95714,75.5714,2.28571
40768,2024-11-04 00:00:00,5.9,18.7,4.1625,61.875,3
40768,2024-11-05 00:00:00,9,17.2,-0.4875,45.375,3.25
40768,2024-11-06 00:00:00,-1.4,18.9,-2.0875,48.5,1.875
40768,2024-11-07 00:00:00,-0.3,16.4,-1.7,54.125,1.625
40768,2024-11-08 00:00:00,-0.8,17.4,0.325,60.75,1.375
40768,2024-11-09 00:00:00,-0.6,17.5,-0.6875,57.5,0.875
40768,2024-11-10 00:00:00,-1.9,18.6,0.7875,55.75,1
40768,2024-11-11 00:00:00,4.4,18.9,4.95,69.5,2
40768,2024-11-12 00:00:00,6.4,18.9,6.4625,80.875,1.5
40768,2024-11-13 00:00:00,2.2,12.4,4.4625,81.5,1.625
40768,2024-11-14 00:00:00,5.8,12.2,4.5875,84.625,1.75
40768,2024-11-15 00:00:00,4,12.7,3.4375,82.875,1.25
40768,2024-11-16 00:00:00,-4.6,15.8,-2.4,67.5,1.625
40768,2024-11-17 00:00:00,-0.7,15.9,-2.1,54,1.75
40768,2024-11-18 00:00:00,-1,14.1,1.8375,67.625,1.75
40768,2024-11-19 00:00:00,4.5,16.1,4.3125,76.125,2.375
40768,2024-11-20 00:00:00,1.8,13.6,4.575,84.25,1
40768,2024-11-21 00:00:00,1.2,13.8,0.425,70.125,1.375
40768,2024-11-22 00:00:00,-2.2,13.4,-1.32222,63.5556,1.66667
40768,2024-11-23 00:00:00,-3.4,13.7,-0.914286,74.5714,0.857143
40768,2024-11-24 00:00:00,-4,15.8,-3.95,54.875,1.375
40768,2024-11-25 00:00:00,4.3,12.8,3.9875,75.625,2.5
40768,2024-11-26 00:00:00,7.1,13.4,4.125,67.25,3
40768,2024-11-27 00:00:00,7.2,14.1,-0.675,51.625,4.75
40768,2024-11-28 00:00:00,-4.9,10.3,-11.7875,39.625,1.875
40768,2024-11-29 00:00:00,-7.3,10.5,-11.9125,42,1.5
40768,2024-11-30 00:00:00,-7.6,9.2,-9.5875,52.125,1
40768,2024-12-01 00:00:00,-7.8,8,-7.5375,63.5,1.75
40768,2024-12-02 00:00:00,-8.5,8.4,-7.05,66.25,1
40768,2024-12-03 00:00:00,-9.2,8.3,-7.675,63,0.875
40768,2024-12-04 00:00:00,-9.6,11.1,-9.6375,54,1.375
40768,2024-12-05 00:00:00,-8.7,11.2,-10.675,45.875,1.375
40768,2024-12-06 00:00:00,-7.5,11.7,-9.35,49.375,1.5
40768,2024-12-07 00:00:00,-7.3,10.9,-8.5,48.5,1.125
40768,2024-12-08 00:00:00,-6.4,10.8,-6.95,52.875,0.75
40768,2024-12-09 00:00:00,-0.5,8.3,-0.35,77.375,1.5
40768,2024-12-10 00:00:00,-3.3,8,-1.45,84.25,1.125
40768,2024-12-11 00:00:00,-8,6.3,-3.775,85,1.125
40768,2024-12-12 00:00:00,-6.4,12.3,-4.9875,60,2.5
40768,2024-12-13 00:00:00,4,11.6,-6,39.625,4.25
40768,2024-12-14 00:00:00,-2,7.2,-6.2125,62.5,4.125
40768,2024-12-15 00:00:00,-12.3,2.3,-13.85,56.25,1.125
40768,2024-12-16 00:00:00,-12.8,5.1,-10.3375,66.25,0.5
40768,2024-12-17 00:00:00,-7.9,10.3,-15.6875,39.5,2.75
40768,2024-12-18 00:00:00,-8.2,11.7,-14.95,34.75,2.625
40768,2024-12-19 00:00:00,-4.4,12.9,-13.125,30.125,2.75
40768,2024-12-20 00:00:00,-7.8,10,-9.9125,47.5,1
40768,2024-12-21 00:00:00,-1.9,4,-2.7,77.875,1.5
40768,2024-12-22 00:00:00,-4.8,9.1,-3.7625,74.375,1.5
40768,2024-12-23 00:00:00,-7.1,10.3,-5.7375,64.5,0.75
40768,2024-12-24 00:00:00,-7,9.9,-7.075,61.375,1.5
40768,2024-12-25 00:00:00,-6.9,10.4,-7.875,56.375,1.125
40768,2024-12-26 00:00:00,-9.4,10.7,-7.975,58,1.125
40768,2024-12-27 00:00:00,-6.6,7,-3.4625,70,2
40768,2024-12-28 00:00:00,1.4,4.1,1.71667,91.8333,3.83333
40768,2024-12-29 00:00:00,-2.8,7.7,-3.3125,72.5,2.875
40768,2024-12-30 00:00:00,-5,6.7,-2.85,78.625,0.875
40768,2024-12-31 00:00:00,-3.8,4.2,-2.975,84.375,1
40768,2025-01-01 00:00:00,-3.1,2.8,-3.4375,85.25,1
40768,2025-01-02 00:00:00,-8.8,4.6,-6.1,79.125,1
40768,2025-01-03 00:00:00,-8.7,4.9,-7.6625,71.5,1
40768,2025-01-04 00:00:00,-8.3,8.8,-10.4,58.5,2.125
40768,2025-01-05 00:00:00,-6.9,10.1,-9.675,52.5,1.625
40768,2025-01-06 00:00:00,-3.6,7.8,-5.3875,57.375,1.375
40768,2025-01-07 00:00:00,-2.4,4.9,-3.8125,71.25,1.5
40768,2025-01-08 00:00:00,-1.4,4.5,-1.2125,89.375,1.375
40768,2025-01-09 00:00:00,-6.5,8.1,-3.1,80.5,0.875
40768,2025-01-10 00:00:00,-6.3,9.2,-3.4875,78.75,0.625
40768,2025-01-11 00:00:00,-7.1,11,-3.975,65.125,2.125
40768,2025-01-12 00:00:00,0.3,8.7,-0.475,82.25,1.25
40768,2025-01-13 00:00:00,-3.9,0.5,-2.05,95.125,1.75
40768,2025-01-14 00:00:00,-3.3,6,-4.5375,79.625,1
40768,2025-01-15 00:00:00,-7.2,12.9,-6,67.25,1.625
40768,2025-01-16 00:00:00,-4.7,10.8,-4.5,71.375,3.5
40768,2025-01-17 00:00:00,-7.1,6,-5.375,74.375,1.625
40768,2025-01-18 00:00:00,-8.3,7.8,-6.625,67.375,1.625
40768,2025-01-19 00:00:00,-4.6,5.3,-4.1875,77,1.625
40768,2025-01-20 00:00:00,-5.2,5.1,-5.65,69.75,2.375
40768,2025-01-21 00:00:00,-10.9,3.8,-6.6875,79.5,1.75
40768,2025-01-22 00:00:00,-13,4.7,-8.825,73,0.875
40768,2025-01-23 00:00:00,-7.7,4.9,-6.475,74.625,0.625
40768,2025-01-24 00:00:00,-7.1,3.1,-4.7375,79.5,0.875
40768,2025-01-25 00:00:00,-2.7,3.8,-0.025,96.75,0.625
40768,2025-01-26 00:00:00,-5.2,4,-1.8375,88.375,1.375
40768,2025-01-27 00:00:00,-0.8,1.4,-0.375,99.125,1.375
40768,2025-01-28 00:00:00,-2.9,1,-3.8625,88.25,1.875
40768,2025-01-29 00:00:00,-6.4,1.1,-4.35,84.125,1.125
40768,2025-01-30 00:00:00,-2,4.3,-3.975,80.875,1.125
40768,2025-01-31 00:00:00,-9.2,6.9,-5.6,75.25,0.875
40768,2025-02-01 00:00:00,-8.8,7,-4.8875,77.875,1
40768,2025-02-02 00:00:00,-8.1,7.7,-6.3,70.375,1.25
40768,2025-02-03 00:00:00,-8.1,10.1,-7.75,61.125,1.125
40768,2025-02-04 00:00:00,-8,11,-10.25,48.875,1.375
40768,2025-02-05 00:00:00,-2.7,11.7,-7.625,44.625,2.5
40768,2025-02-06 00:00:00,-0.1,8.2,-3.65,70.25,3.125
40768,2025-02-07 00:00:00,-5.1,6.9,-4.4625,84,1.625
40768,2025-02-08 00:00:00,-11.7,-1.9,-7.37778,86.3333,1.44444
40768,2025-02-09 00:00:00,-10.3,-2.2,-9.45,88.625,1.625
40768,2025-02-10 00:00:00,-19.1,-2.1,-15.025,84.375,1.875
40768,2025-02-11 00:00:00,-18.6,-1.9,-13.5625,84.625,1
40768,2025-02-12 00:00:00,-18.7,-1.8,-11.125,86.75,1.25
40768,2025-02-13 00:00:00,-7.4,4.7,-4.575,89.5,0.75
40768,2025-02-14 00:00:00,-7.1,1.9,-4.925,87.25,1.625
40768,2025-02-15 00:00:00,-11.3,2.1,-10.1375,71.875,1.375
40768,2025-02-16 00:00:00,-13.9,1.8,-7.725,76.125,0.875
40768,2025-02-17 00:00:00,-3.7,3.3,-2.425,91.5,2.125
40768,2025-02-18 00:00:00,-10.9,5.4,-7.075,76.25,1.375
40768,2025-02-19 00:00:00,-10,2.5,-6.6125,77.75,1
40768,2025-02-20 00:00:00,-5.1,4.6,-3.5125,78.75,1.25
40768,2025-02-21 00:00:00,-1.7,6.9,-1.3875,72.875,2.875
40768,2025-02-22 00:00:00,-0.2,4.1,-1.9375,83.25,2.625
40768,2025-02-23 00:00:00,-8.7,3.1,-6.8,68.75,3.125
40768,2025-02-24 00:00:00,-5.5,-1.9,-14.3375,50.625,5.125
40768,2025-02-25 00:00:00,-15.1,-1.9,-16.6625,55.125,3.5
40768,2025-02-26 00:00:00,-10.6,1.5,-13.525,49,2.875
40768,2025-02-27 00:00:00,-10.5,3.7,-12.6125,52.25,3.625
40768,2025-02-28 00:00:00,-10.1,5.3,-11.65,54,2.5
40768,2025-03-01 00:00:00,-8,6,-10.125,53.125,3
40768,2025-03-02 00:00:00,-5.8,3.2,-9.5125,61.625,3.375
40768,2025-03-03 00:00:00,-8.9,8.5,-9.225,53.75,1.25
40768,2025-03-04 00:00:00,-4.1,11.3,-7.625,51,1.5
40768,2025-03-05 00:00:00,-1,8.7,-1.9125,68.625,3
40768,2025-03-06 00:00:00,0.7,10.4,2.3875,88.25,1.25
40768,2025-03-07 00:00:00,-2.6,12.5,2.725,86.5,1.625
40768,2025-03-08 00:00:00,4.7,10.1,4.1375,89,3
40768,2025-03-09 00:00:00,3.1,10.4,4.075,90.875,2.625
40768,2025-03-10 00:00:00,2.4,10.8,3.6875,86.875,1.375
40768,2025-03-11 00:00:00,3.4,12.2,3.375,85.75,2
40768,2025-03-12 00:00:00,-0.5,13.7,1.275,73,1.5
40768,2025-03-13 00:00:00,-0.4,16.1,-0.5875,60.625,1.25
40768,2025-03-14 00:00:00,-0.4,18.4,-2.025,50.75,2
40768,2025-03-15 00:00:00,-0.8,18.4,-2.7375,47.5,2
40768,2025-03-16 00:00:00,0.3,20.8,-3.35,44.625,1.5
40768,2025-03-17 00:00:00,0.8,19.8,-4.15,41.5,1.75
40768,2025-03-18 00:00:00,3.3,20.4,-4.25,34.875,3.125
40768,2025-03-19 00:00:00,4.9,21.3,-3.55,29.75,3.75
40768,2025-03-20 00:00:00,10.4,20.1,3.7875,53.25,4.5
40768,2025-03-21 00:00:00,6.4,11,6.8875,87.5,2.5
40768,2025-03-22 00:00:00,7.3,14.4,-0.3125,52.625,5
40768,2025-03-23 00:00:00,-0.4,12.4,-6.0375,49.75,2.75
40768,2025-03-24 00:00:00,-2.2,10.5,-6.2875,48.5,3.625
40768,2025-03-25 00:00:00,-3.7,10.6,-6.8125,50.125,2.25
40768,2025-03-26 00:00:00,-3.4,13.4,-7.0875,46.375,1.75
40768,2025-03-27 00:00:00,-0.4,17.2,-4.1375,43.25,1.875
40768,2025-03-28 00:00:00,2.8,19.2,-0.7625,46.875,2.75
40768,2025-03-29 00:00:00,3.4,20.2,0.4875,49.25,2
40768,2025-03-30 00:00:00,3.6,21.3,-0.0875,40.625,2.25
40768,2025-03-31 00:00:00,11.5,19.4,2.1125,48.25,3.5
40768,2025-04-01 00:00:00,5.2,23.3,2.55,51.25,1.625
40768,2025-04-02 00:00:00,7,24.1,4.6125,56.375,2.625
40768,2025-04-03 00:00:00,8.9,21.9,6.6,62.125,3
40768,2025-04-04 00:00:00,8.6,14,8.65,90,2.5
40768,2025-04-05 00:00:00,8.5,14.6,7.6375,80.75,4.625
40768,2025-04-06 00:00:00,10.1,20.7,1.3625,39,4.125
40768,2025-04-07 00:00:00,5.1,18.8,3.7625,60,2.25
40768,2025-04-08 00:00:00,2.6,22.1,1.925,54.125,1.875
40768,2025-04-09 00:00:00,6.7,24.4,1.6375,41.5,2.375
40768,2025-04-10 00:00:00,8.1,23,3.775,44.5,4.125
40768,2025-04-11 00:00:00,12.7,20.6,-0.5,31.875,5.25
40768,2025-04-12 00:00:00,10.8,16.4,-1.875,40,4.5
40768,2025-04-13 00:00:00,0.2,19.3,-5.475,37.125,2.25
40768,2025-04-14 00:00:00,2.3,20.5,-1.3625,38.375,5.875
40768,2025-04-15 00:00:00,9.2,19.4,-9.775,20.75,6.5
40768,2025-04-16 00:00:00,4.5,13.7,-6.3875,35.875,4.5
40768,2025-04-17 00:00:00,0.4,12.2,-4.7125,48,3.5
40768,2025-04-18 00:00:00,-2.9,13.9,-4.15,48.5,1.875
40768,2025-04-19 00:00:00,-0.4,18,-3.0125,46.5,2.25
40768,2025-04-20 00:00:00,0.9,20.1,-1.4375,43.125,1.5
40768,2025-04-21 00:00:00,2.7,22.4,-2.2125,39.375,2
40768,2025-04-22 00:00:00,4.8,23.4,0.8625,42.875,2.125
40768,2025-04-23 00:00:00,6.9,25.4,1.4625,38.625,2.625
40768,2025-04-24 00:00:00,10.7,25.4,1.35,31.25,3.75
40768,2025-04-25 00:00:00,9.8,26.9,3.025,37.75,4.875
40768,2025-04-26 00:00:00,14.9,21.8,4.925,47.5,4
40768,2025-04-27 00:00:00,9.5,24.3,5.0625,48.25,4
40768,2025-04-28 00:00:00,9.3,24.6,3.7375,46.25,3.75
40768,2025-04-29 00:00:00,11.3,22.3,6.675,61.75,2.375
40768,2025-04-30 00:00:00,8.2,25.1,5.225,52.875,2.375
40768,2025-05-01 00:00:00,8.1,26.8,4.725,46,3.5
40768,2025-05-02 00:00:00,7,27.4,5.1625,50.375,2.625
40768,2025-05-03 00:00:00,10.8,28.7,8.475,59.875,3.75
40768,2025-05-04 00:00:00,9.8,27.4,9.3125,65.375,1.875
40768,2025-05-05 00:00:00,10.7,27.1,4.6,41.5,4.875
40768,2025-05-06 00:00:00,9.1,20.7,-2.1125,34,4
40768,2025-05-07 00:00:00,3.8,20.5,2.0875,47.375,3.375
40768,2025-05-08 00:00:00,4.3,23.3,-0.4,39.75,2
40768,2025-05-09 00:00:00,5.7,27,1.2125,37.5,2.125
40768,2025-05-10 00:00:00,8.5,28.1,1.9375,37.25,2
40768,2025-05-11 00:00:00,8,27.6,1.7875,37,2.25
40768,2025-05-12 00:00:00,8.3,28,0.355556,29.6667,2.77778
40768,2025-05-13 00:00:00,13.2,28.4,-0.9625,22.25,4
40768,2025-05-14 00:00:00,12.7,25.6,3.65,42.25,4.25
40768,2025-05-15 00:00:00,9,21.5,7.025,69,3.5
40768,2025-05-16 00:00:00,5.2,24.6,1.8875,48.875,2.625
40768,2025-05-17 00:00:00,4.7,26.6,-0.525,33.75,1.75
40768,2025-05-18 00:00:00,6.1,29.7,-0.125,31.5,2.125
40768,2025-05-19 00:00:00,10.3,32.3,2.5,30.375,3
40768,2025-05-20 00:00:00,9.8,31.8,-0.85,23.625,3.375
40768,2025-05-21 00:00:00,11.1,32.5,-0.4875,23,2.5
40768,2025-05-22 00:00:00,11.9,32.7,-1.1625,23.5,2.625
40768,2025-05-23 00:00:00,10.4,32.1,-0.8375,24.75,2.25
40768,2025-05-24 00:00:00,12.9,28.3,3.7125,36,2.875
40768,2025-05-25 00:00:00,9.9,28,5.3625,42.875,3.25
40768,2025-05-26 00:00:00,9.1,27.9,2.4875,38,2.375
40768,2025-05-27 00:00:00,6.6,28.6,1.15,32.625,1.75
40768,2025-05-28 00:00:00,11.4,30.5,0.6625,29,1.875
40768,2025-05-29 00:00:00,9.7,32.4,-1.75,25.375,2.625
40768,2025-05-30 00:00:00,7.8,27.8,-6.1625,20.75,2.375
40768,2025-05-31 00:00:00,7.8,29.5,-4.0375,20.625,2.375
40768,2025-06-01 00:00:00,8.6,34,-4.175,19.75,3.125
40768,2025-06-02 00:00:00,11.6,32.7,-4.1125,18.75,2.625
40768,2025-06-03 00:00:00,10.3,31,-3.325,20.75,3.625
40768,2025-06-04 00:00:00,9.8,25.9,0.6875,33.5,3.5
40768,2025-06-05 00:00:00,9.4,24,1.1,38.25,4.125
40768,2025-06-06 00:00:00,5.8,26,-2.1875,28.75,2
40768,2025-06-07 00:00:00,8.4,26.3,-0.0375,31.25,2.625
40768,2025-06-08 00:00:00,7.8,26,0.225,33.875,2.125
40768,2025-06-09 00:00:00,8.5,27.8,1.325,34.25,2.625
40768,2025-06-10 00:00:00,8.3,29.1,1.6375,34.5,2.625
40768,2025-06-11 00:00:00,9.2,30.4,2.2125,31.875,1.75
40768,2025-06-12 00:00:00,12,32.1,1.9,27.75,1.625
40768,2025-06-13 00:00:00,13.7,32.2,1.0625,22.625,3.25
40768,2025-06-14 00:00:00,14.2,34.7,0.2375,20.875,1.875
40768,2025-06-15 00:00:00,12.6,34.8,-3.025,17.75,2.125
40768,2025-06-16 00:00:00,12.5,35.5,-4.3,15.4286,3.57143
40768,2025-06-17 00:00:00,10.5,32.1,-9.7125,13.625,2.375
40768,2025-06-18 00:00:00,8.5,30.7,-8.5,15,2.25
40768,2025-06-19 00:00:00,9.6,31.2,-1.1,23.125,2.5
40768,2025-06-20 00:00:00,11.8,33.2,2.175,24.875,2.75
40768,2025-06-21 00:00:00,13.4,34.1,-1.475,21,2.25
40768,2025-06-22 00:00:00,12.4,34.5,-5.9,13.25,2.25
40768,2025-06-23 00:00:00,12.2,34.9,-6.7,13,2.625
40768,2025-06-24 00:00:00,11.5,32.6,-3.1,17.875,3
40768,2025-06-25 00:00:00,10.9,32.6,2.2375,26.125,2.75
40768,2025-06-26 00:00:00,14.7,35.3,4.95,28.25,3.25
40768,2025-06-27 00:00:00,15.1,36,3.7875,28,1.875
40768,2025-06-28 00:00:00,14.3,36.5,2.5875,23.25,4.375
40768,2025-06-29 00:00:00,14.1,35.1,0.7625,22.25,2.375
40768,2025-06-30 00:00:00,14.9,35.5,-1.8875,17.5,2.25
40768,2025-07-01 00:00:00,15.7,35.3,-0.85,18.25,2.875
40768,2025-07-02 00:00:00,13.8,37.1,-2.2375,17.25,2.75
40768,2025-07-03 00:00:00,14.5,35.9,-2.075,16.625,3.125
40768,2025-07-04 00:00:00,15,35.3,-0.275,18.125,2.5
40768,2025-07-05 00:00:00,14.7,35.1,-0.85,20.375,2.625
40768,2025-07-06 00:00:00,10.6,34.1,1.5125,25.125,2.375
40768,2025-07-07 00:00:00,13.7,32.6,8.1,42.375,3.625
40768,2025-07-08 00:00:00,14.6,32.9,7.4375,37,3.5
40768,2025-07-09 00:00:00,15.6,32.8,7.1125,35.625,2.125
40768,2025-07-10 00:00:00,16.7,34.3,7.75,36,2.5
40768,2025-07-11 00:00:00,16,36.6,6.6875,31.25,3.625
40768,2025-07-12 00:00:00,17.4,37,7.125,30.75,3.125
40768,2025-07-13 00:00:00,17.7,35.2,7.0375,30,2.375
40768,2025-07-14 00:00:00,21.6,34.6,6.4625,27.75,4.375
40768,2025-07-15 00:00:00,16.8,34.6,7.5625,34.125,2.625
40768,2025-07-16 00:00:00,17.9,33,8.125,33.125,3.125
40768,2025-07-17 00:00:00,16.7,34.6,2.7625,24.25,2.125
40768,2025-07-18 00:00:00,15.8,38.2,0.125,18,2.25
40768,2025-07-19 00:00:00,16.5,39.3,-0.2875,15.125,4.125
40768,2025-07-20 00:00:00,19.4,38.8,0.3875,15.25,4.25
40768,2025-07-21 00:00:00,18.9,38.3,-0.5875,15.125,3.125
40768,2025-07-22 00:00:00,19.3,39,-2.6625,13.25,3.25
40768,2025-07-23 00:00:00,16.4,37.7,-5.575,12.25,3.25
40768,2025-07-24 00:00:00,16.1,36,-6.1375,12.5,4.375
40768,2025-07-25 00:00:00,15.9,35.9,-3.875,15,3.5
40768,2025-07-26 00:00:00,19.3,36.7,-1.95,14.125,3.375
40768,2025-07-27 00:00:00,18.6,36.4,1.775,19.875,2.625
40768,2025-07-28 00:00:00,17.6,36.3,3.1,21.625,1.75
40768,2025-07-29 00:00:00,18.5,36.4,2.625,21,2
40768,2025-07-30 00:00:00,20.1,37.2,3.6625,19.75,2.375
40768,2025-07-31 00:00:00,18.1,36.6,5.225,24.25,3.25
40768,2025-08-01 00:00:00,18.7,37.3,2.2125,20.25,2.375
40768,2025-08-02 00:00:00,20.7,36.9,-1.075,13.875,2.75
40768,2025-08-03 00:00:00,17.7,38,-3.25,13.875,3.75
40768,2025-08-04 00:00:00,15.5,37.6,-3.7375,13.625,2.375
40768,2025-08-05 00:00:00,17.6,37.9,-1.3,15.625,3
40768,2025-08-06 00:00:00,15.4,37,-0.7375,16.875,2.75
40768,2025-08-07 00:00:00,17.3,36.9,-1.75,15.125,3.125
40768,2025-08-08 00:00:00,18.3,37.5,1.075,18,1.875
40768,2025-08-09 00:00:00,18.4,36.4,2.05,19.875,3.125
40768,2025-08-10 00:00:00,17.4,35.9,-1.925,15.625,4.875
40768,2025-08-11 00:00:00,17.9,35.1,-0.4,17.25,3.75
40768,2025-08-12 00:00:00,16.9,35.7,-1.5125,16.375,2.375
40768,2025-08-13 00:00:00,16.8,36.4,0.0625,17.5,2.625
40768,2025-08-14 00:00:00,17.5,35.8,5.5875,27.375,3.5
40768,2025-08-15 00:00:00,17.9,35.8,5.375,27.75,2.875
40768,2025-08-16 00:00:00,17.8,35.4,2.1625,22.75,2.625
40768,2025-08-17 00:00:00,15.3,35.7,-0.3125,19.625,1.875
40768,2025-08-18 00:00:00,15,37.6,3.325,25.5,1.625
40768,2025-08-19 00:00:00,15.3,38.3,1.6875,21.375,2.5
40768,2025-08-20 00:00:00,18.9,38.6,0.4,17.375,3.375
40768,2025-08-21 00:00:00,16.9,37.7,-2.3,15.375,2.625
40768,2025-08-22 00:00:00,15.5,37.5,-3.1375,15.375,1.625
40768,2025-08-23 00:00:00,15.5,35.6,-0.7375,19,2
40768,2025-08-24 00:00:00,14.7,36.8,1.825,22.5,1.875
40768,2025-08-25 00:00:00,16,37.8,1.5125,21.5,2.5
40768,2025-08-26 00:00:00,17.2,36.6,-0.3,19,3.375
40768,2025-08-27 00:00:00,13.7,35,-7.6875,12.5,3.5
40768,2025-08-28 00:00:00,10.4,35.2,-8.5375,12.875,2.625
40768,2025-08-29 00:00:00,13.4,33.8,-2.0625,18.875,3.375
40768,2025-08-30 00:00:00,12.6,33.5,-1.3875,20.625,3.25
40768,2025-08-31 00:00:00,12.3,34.1,-3.65,17.375,1.75
40768,2025-09-01 00:00:00,11.4,33.7,-4.65,17.5,1.75
40768,2025-09-02 00:00:00,11.6,33,-2.725,19.375,2
40768,2025-09-03 00:00:00,12.2,33.7,-2.275,18.375,1.125
40768,2025-09-04 00:00:00,15.2,33.8,-1.6875,18.875,2.375
40768,2025-09-05 00:00:00,12.5,33.3,-3.35,18,1.75
40768,2025-09-06 00:00:00,12.7,32.6,-6.4375,15.25,2.625
40768,2025-09-07 00:00:00,11.3,33.2,-6.575,14.375,2.25
40768,2025-09-08 00:00:00,12.4,33.5,-6.0875,15,2
40768,2025-09-09 00:00:00,12.1,34.6,-6.1,14.75,2
40768,2025-09-10 00:00:00,11.5,33.2,-5,17,1.875
40768,2025-09-11 00:00:00,11.6,30.9,-6.15,17.75,2
40768,2025-09-12 00:00:00,11.4,29.7,-6.425,18.25,3.875
40768,2025-09-13 00:00:00,11.6,30.4,-2.275,23.375,2.25
40768,2025-09-14 00:00:00,9.8,32.1,-1.3,26.5714,2
40768,2025-09-15 00:00:00,10.7,30.4,1.6,33.875,2
40768,2025-09-16 00:00:00,8.7,30.9,-3.4125,24.125,1.875
40768,2025-09-17 00:00:00,8.9,30,-5.8625,18,2
40768,2025-09-18 00:00:00,9.9,31.4,-3.8875,20.125,2.25
40768,2025-09-19 00:00:00,11.6,29.8,-4.05,19.5,4.625
40768,2025-09-20 00:00:00,12.1,27.1,-7.0375,21.375,3
40768,2025-09-21 00:00:00,6.5,27,-11.9375,16.75,2
40768,2025-09-22 00:00:00,4.3,26.8,-4.325,28.875,2.25
40768,2025-09-23 00:00:00,5.3,25.7,-1.075,38.375,1.875
40768,2025-09-24 00:00:00,6.5,24.1,-1.775,35.125,2.125
40768,2025-09-25 00:00:00,4.5,25,-5.95,25.875,1.125
40768,2025-09-26 00:00:00,5,28.3,-5.7125,21.375,2.25
40768,2025-09-27 00:00:00,7.8,26.3,-3.15,28.5,2.375
40768,2025-09-28 00:00:00,7.4,27.5,-6.775,20.625,2.375
40768,2025-09-29 00:00:00,6.3,30.2,-8.9,18.5,1.875
40768,2025-09-30 00:00:00,4.8,29.4,-15.1375,13.25,2
40768,2025-10-01 00:00:00,7.2,28.4,-5.5375,22,1.5
40768,2025-10-02 00:00:00,5,29.2,-1.825,32.5,1.5
40768,2025-10-03 00:00:00,4.7,29,-1.7125,32.75,1.375
40768,2025-10-04 00:00:00,6,28.9,-5.9,23.625,1.5
40768,2025-10-05 00:00:00,6.3,28.6,-4.55,24.25,2.125
40768,2025-10-06 00:00:00,5.4,28.5,-2.85,30,1.625
40768,2025-10-07 00:00:00,5.8,28,-7.55,21,1.875
40768,2025-10-08 00:00:00,7,28.3,-8.4,18,1.375
40768,2025-10-09 00:00:00,7,27.2,-8.3875,18.625,2.125
40768,2025-10-10 00:00:00,8.7,25.4,-6.825,21,2.875
40768,2025-10-11 00:00:00,4.9,25.4,-8.25,22.375,2
40768,2025-10-12 00:00:00,5.6,25.2,-10.475,17.75,2.5
40768,2025-10-13 00:00:00,7,25.5,-5.675,20.625,3
40768,2025-10-14 00:00:00,8.1,26.7,-7.7625,21.375,1.25
40768,2025-10-15 00:00:00,3.5,26.1,-10.55,18.125,1.75
40768,2025-10-16 00:00:00,1.3,25.8,-13.4,15,1.75
40768,2025-10-17 00:00:00,3.4,24.4,-10.7625,18,2.5
40768,2025-10-18 00:00:00,3.6,23.7,-8.0125,23.25,2.25
40768,2025-10-19 00:00:00,4.3,23.1,-4.55,30,1.875
40768,2025-10-20 00:00:00,5.5,23.8,-5.0125,28.5,2
40768,2025-10-21 00:00:00,3,24.2,-4.125,30.5,2.125
40768,2025-10-22 00:00:00,4.8,22.4,-5.18571,28.7143,2.28571
40768,2025-10-23 00:00:00,3.1,22.4,-5.1875,29.5,2.75
40768,2025-10-24 00:00:00,3.5,23.3,-4.8125,31.5,1.25
40768,2025-10-25 00:00:00,4.3,23.1,-4.325,30.5,1.375
40768,2025-10-26 00:00:00,3.1,23.7,-5.5875,28.625,2.875
40768,2025-10-27 00:00:00,2.4,22.5,-5.2,30.875,2.375
40768,2025-10-28 00:00:00,3.5,24.4,-6.6875,26.5,1.5
40768,2025-10-29 00:00:00,1.4,23.6,-10.5625,22.375,1.375
40768,2025-10-30 00:00:00,2.7,22.6,-8.875,24.25,2.375
40768,2025-10-31 00:00:00,1.9,22.6,-8.3,26,1.125
40768,2025-11-01 00:00:00,-0.1,21.7,-7.575,31.875,1.75
40768,2025-11-02 00:00:00,-0.5,21.5,-13.9571,19.7143,1.71429
40768,2025-11-03 00:00:00,-1.2,18.9,-14.1125,20.125,1.5
40768,2025-11-04 00:00:00,-3.1,20.8,-7.6125,35.375,1.125
40768,2025-11-05 00:00:00,-2.9,19.4,-5.95,43.875,0.75
40768,2025-11-06 00:00:00,-1.5,19.8,-8.975,30.125,1.125
40768,2025-11-07 00:00:00,-1.4,19.7,-11.525,26,1.375
40768,2025-11-08 00:00:00,-0.4,19.9,-8.625,28.375,1.5
40768,2025-11-09 00:00:00,-0.4,19.6,-8.3875,29.75,1.375
40768,2025-11-10 00:00:00,-1,19.4,-9.45,28.5,1.375
40768,2025-11-11 00:00:00,-2.2,19.9,-10.5,28.875,1.375
40768,2025-11-12 00:00:00,-1.4,19.3,-12.6375,24.75,1.5
40768,2025-11-13 00:00:00,-2.1,18.1,-11.1625,26.125,1.625
40768,2025-11-14 00:00:00,-0.8,18.4,-11.375,25.875,1.375
40768,2025-11-15 00:00:00,1.6,12.1,-4.575,45,1.25
40768,2025-11-16 00:00:00,5.1,15.9,0.45,54.875,3
40768,2025-11-17 00:00:00,4.6,14.9,-2.8375,46.375,3.25
40768,2025-11-18 00:00:00,-3.8,16,-5.8375,47.5,1.25
40768,2025-11-19 00:00:00,-3.6,15.1,-7.3,42.125,1.75
40768,2025-11-20 00:00:00,-4.8,16.6,-10.0375,35.5,1
40768,2025-11-21 00:00:00,-6.7,16.2,-10.8125,34.75,1.5
40768,2025-11-22 00:00:00,-5.6,17.5,-15.6125,23.875,0.75
40768,2025-11-23 00:00:00,-5.6,18.2,-18.075,18,1.375
40768,2025-11-24 00:00:00,-5.1,18.4,-17.95,18.75,0.875
40768,2025-11-25 00:00:00,-5.4,17.6,-18.05,19.25,1
40768,2025-11-26 00:00:00,-2.6,16.5,-11.05,30,1.625
40768,2025-11-27 00:00:00,-1.4,15.2,-3.6625,50.25,1.125
40768,2025-11-28 00:00:00,-3.4,14.5,-5.1625,49.4286,0.875
40768,2025-11-29 00:00:00,-4.5,14.1,-7.575,44.375,1.25
40768,2025-11-30 00:00:00,-2.3,15.8,-5.7125,41.875,1.625
40768,2025-12-01 00:00:00,1.5,16.4,-0.6875,50.1667,3
40768,2025-12-02 00:00:00,3.5,15.1,-0.4875,56.375,2.5
40768,2025-12-03 00:00:00,-2.2,12.6,-5.3875,53.875,1.75
40768,2025-12-04 00:00:00,-6.3,11.6,-7.0875,52.1429,1.625
40768,2025-12-05 00:00:00,-5.3,11.6,-5.1875,51.625,1.5
40768,2025-12-06 00:00:00,-0.3,14.6,-1.85,56,3
40768,2025-12-07 00:00:00,-2.1,15.9,-3.725,46.75,2.25
40768,2025-12-08 00:00:00,8.1,12,-0.8625,49.375,2.875
40768,2025-12-09 00:00:00,1.7,13.7,2.5375,72.375,2.5
40768,2025-12-10 00:00:00,0,7.7,2.075,89.5,1.875
40768,2025-12-11 00:00:00,-1.1,7.6,0.525,88.375,1.75
40768,2025-12-12 00:00:00,-1.3,7.3,-0.6375,83,1.5
40768,2025-12-13 00:00:00,-2.7,9.6,-1.675,74.25,1.875
40768,2025-12-14 00:00:00,-2.1,7.5,-4.075,64.5,1.875
40768,2025-12-15 00:00:00,-5.9,7.2,-3.0125,77.875,1.5
40768,2025-12-16 00:00:00,-2.3,7.4,-1.3125,80.625,1.875
40768,2025-12-17 00:00:00,-0.7,1.1,-1.625,91.25,1.625
40768,2025-12-18 00:00:00,-2,3.4,-1.525,91.125,1.5
40768,2025-12-19 00:00:00,-2.1,1.8,-3.0875,86.25,1.25
40768,2025-12-20 00:00:00,-8.5,4.3,-8.7875,65.375,1.875
40768,2025-12-21 00:00:00,-9,7.2,-8.175,69.5,1.25
40768,2025-12-22 00:00:00,-7.1,6,-6.975,69.625,1.25
40768,2025-12-23 00:00:00,-7.6,6.7,-6.2875,70,0.875
40768,2025-12-24 00:00:00,-4.8,7.3,-3.1375,78.125,1.375
40768,2025-12-25 00:00:00,-4.6,8.5,-2.55,78.625,1.5
40768,2025-12-26 00:00:00,-6.2,4.7,-3.175,90.5,0.875
40768,2025-12-27 00:00:00,-3.5,7.1,-4.975,57.125,2.75
40768,2025-12-28 00:00:00,2.4,8.7,-4.025,50.625,6.125
40768,2025-12-29 00:00:00,0.4,6.6,-7.325,49.25,5.125
40768,2025-12-30 00:00:00,-5.8,-0.9,-13.0375,52,4.375
40768,2025-12-31 00:00:00,-13.1,4.8,-14.2875,44.875,1.875
40768,2026-01-01 00:00:00,-2.7,9,-8.0375,36.75,3.875
40768,2026-01-02 00:00:00,2,8.9,-4.65,48.625,4.25
40768,2026-01-03 00:00:00,0.1,6.7,-1.525,85.5,1.5
40768,2026-01-04 00:00:00,-8.1,6.7,-7.475,68.125,0.875
40768,2026-01-05 00:00:00,-8,7.1,-7.6125,64.375,0.75
40768,2026-01-06 00:00:00,-7.7,10.8,-6.425,66.875,0.75
40768,2026-01-07 00:00:00,-7.5,10.6,-6.725,63.375,0.875
40768,2026-01-08 00:00:00,-6,12.6,-5.7625,59,2.375
40768,2026-01-09 00:00:00,-4.2,11.2,-4.5125,52.25,2.875
40768,2026-01-10 00:00:00,1.8,7.1,-3.025,61.625,4.375
40768,2026-01-11 00:00:00,-4,10.3,-5.325,66.125,1.75
40768,2026-01-12 00:00:00,-5.8,10.6,-6.625,56,1.75
40768,2026-01-13 00:00:00,-0.7,10.7,-1.625,65.375,6.125
40768,2026-01-14 00:00:00,-1.7,3.3,-3.5375,77,3.375
40768,2026-01-15 00:00:00,-6.3,2.5,-6.625,73.25,2.5
40768,2026-01-16 00:00:00,-11.1,3.2,-8.8625,70.75,2.125
40768,2026-01-17 00:00:00,-9.6,3.5,-6.8875,73.75,1.25
40768,2026-01-18 00:00:00,-4.8,5.5,-5.0125,70.25,1
40768,2026-01-19 00:00:00,-3.5,2.5,-3.2375,92.5,1.5
40768,2026-01-20 00:00:00,-5.9,1.2,-7.8625,76.25,4.5
40768,2026-01-21 00:00:00,-12.3,-4.8,-13.3625,72.875,3.25
40768,2026-01-22 00:00:00,-16.4,-1.8,-14.1,72,1.125
40768,2026-01-23 00:00:00,-13.8,1.7,-5.84444,82.5556,2.11111
40768,2026-01-24 00:00:00,-4,7.8,-4.075,71.5,2.375
40768,2026-01-25 00:00:00,-5.8,6.1,-4.275,78,1.625
40768,2026-01-26 00:00:00,-7,6.4,-5.2375,75.375,1.25
40768,2026-01-27 00:00:00,-7.4,7.4,-4.45,77.125,2
40768,2026-01-28 00:00:00,-6.2,7.7,-2.2,76.125,2.375
40768,2026-01-29 00:00:00,-3,5.2,-2.6625,72.625,3
40768,2026-01-30 00:00:00,-3.1,7.6,-3.5,63.8889,2.77778
40768,2026-01-31 00:00:00,1,10.2,-3.1875,55.5,3.625
40768,2026-02-01 00:00:00,2.1,13.4,-2.1875,53.875,2.875
40768,2026-02-02 00:00:00,0.5,13.8,-1.0875,58.5,2.625
40768,2026-02-03 00:00:00,-0.8,9.5,0.625,81.625,1.5
40768,2026-02-04 00:00:00,-0.1,7.7,-0.4375,80.5,2.5
40768,2026-02-05 00:00:00,0.1,7.8,-3.9625,62.875,2.75
40768,2026-02-06 00:00:00,-5.6,9.8,-2.525,77.25,1.625
40768,2026-02-07 00:00:00,-0.7,2.7,0.65,97.125,1.375
40768,2026-02-08 00:00:00,-0.2,9.1,0.575,75.125,3.25
40768,2026-02-09 00:00:00,3.4,12.5,-1.4125,49.75,6
40768,2026-02-10 00:00:00,8.3,15.5,-1.3375,43.375,5.875
40768,2026-02-11 00:00:00,6.8,13.6,-1.225,42.875,5
40768,2026-02-12 00:00:00,6.4,13.5,-2.0625,45.125,4.75
40768,2026-02-13 00:00:00,6.7,16.4,-3.3875,36.5,4.125
40768,2026-02-14 00:00:00,5,18.5,-1.725,45.375,6.625
40768,2026-02-15 00:00:00,2.8,10.7,-2.0125,60,4
40768,2026-02-16 00:00:00,-3.7,16.1,-2.9875,60.75,1.5
40768,2026-02-17 00:00:00,-3.5,20,-3.2,54.625,1
40768,2026-02-18 00:00:00,-0.6,19.6,-7.675,36.875,2.125
40768,2026-02-19 00:00:00,4.8,19.7,-8.325,21.125,4.125
40768,2026-02-20 00:00:00,3.8,18.7,-8.2125,29.25,2.625
40768,2026-02-21 00:00:00,-2.6,19.4,-8.3125,39.125,1.5
40768,2026-02-22 00:00:00,-3.1,20.1,-7.65,32.125,2
40768,2026-02-23 00:00:00,3.5,19.3,-7.0125,25.5,4
40768,2026-02-24 00:00:00,5.2,12.3,-0.65,61.625,2.625
40768,2026-02-25 00:00:00,-0.7,12,-3.275,57,2.875
40768,2026-02-26 00:00:00,-2.5,14.3,-9.4125,38.375,2.5
40768,2026-02-27 00:00:00,1.2,14.6,-9.325,25.625,5.625
40768,2026-02-28 00:00:00,5.9,12,-10.5375,29.125,4
40768,2026-03-01 00:00:00,-7.6,10.4,-16.35,29.625,3.125
40768,2026-03-02 00:00:00,-7.2,9.8,-10.5875,48,2.625
40768,2026-03-03 00:00:00,-6.8,6.6,-10.6,53.875,2.25
40768,2026-03-04 00:00:00,-9.1,11.4,-12.9,36.875,2
40768,2026-03-05 00:00:00,-0.4,9.9,-9.125,44.5,2.875
40768,2026-03-06 00:00:00,-6.9,12,-8.4625,51.375,1.5
40768,2026-03-07 00:00:00,-1.2,12.3,-12.475,29.25,2.125
40768,2026-03-08 00:00:00,0,11.5,-0.55,72.5,2
40768,2026-03-09 00:00:00,1.7,8.4,-1.3875,70,4.375
40768,2026-03-10 00:00:00,-4,7.2,-5.275,63.625,2.5
40768,2026-03-11 00:00:00,-1.1,13.1,-7.65,45.5,3.5
40768,2026-03-12 00:00:00,-2.4,10.9,-1.4625,73.75,1.875
40768,2026-03-13 00:00:00,-0.2,3.7,1.5375,97.375,1.625
40768,2026-03-14 00:00:00,0,11,2.275,84.5,1.5
40768,2026-03-15 00:00:00,3.5,13.5,5.4,84.75,1.5
40768,2026-03-16 00:00:00,5.8,15.6,4.0375,71.75,2.625
40768,2026-03-17 00:00:00,-0.2,13.6,-2.2875,56.875,2.625
40768,2026-03-18 00:00:00,-0.2,15.8,-0.4125,60.25,1.5
40768,2026-03-19 00:00:00,-0.2,17.2,-1.125,52.25,4
40768,2026-03-20 00:00:00,5.1,11.4,1.325,63,4.5
40768,2026-03-21 00:00:00,2.4,14.2,-0.9125,54.25,2.75
40768,2026-03-22 00:00:00,0.7,14.5,1.3625,66.125,3.375
40768,2026-03-23 00:00:00,5.1,12.4,3.275,71.875,2.25
40768,2026-03-24 00:00:00,2.6,16.1,4.15,81.125,1.75
40768,2026-03-25 00:00:00,4,11.7,3.95,83.375,2.375
40768,2026-03-26 00:00:00,0.8,11.2,3.275,79.25,4.75
40768,2026-03-27 00:00:00,0.8,9.4,-0.8875,63.375,3.875
40768,2026-03-28 00:00:00,4.4,10.8,-1.2375,57.875,4.75
40768,2026-03-29 00:00:00,4.8,13.2,-1.125,52.25,4.375
40768,2026-03-30 00:00:00,5.8,13.8,1.3125,61.75,3.75
40768,2026-03-31 00:00:00,4.6,12.2,-0.425,64.375,3.875
40768,2026-04-01 00:00:00,-1.5,14.4,-2.4,59,2.25
40768,2026-04-02 00:00:00,-0.2,17.2,-1.4875,50.375,2.5
40768,2026-04-03 00:00:00,6.3,18.7,4.7875,62.25,5.125
40768,2026-04-04 00:00:00,6.4,17,0.5875,54,4.5
40768,2026-04-05 00:00:00,1.5,12,-5.275,42.125,4.5
40768,2026-04-06 00:00:00,0.6,14.4,-3.3125,44.5,3.75
40768,2026-04-07 00:00:00,2.6,14.9,-2.7625,47.125,3.5
40768,2026-04-08 00:00:00,2.4,13.4,-0.2875,62.5,3.5
40768,2026-04-09 00:00:00,2.1,14.8,-2.475,49.5,3
40768,2026-04-10 00:00:00,1.7,16,-2.9125,43.125,2.375
40768,2026-04-11 00:00:00,4.3,17.7,-3.1875,38.25,2.125
40768,2026-04-12 00:00:00,6.1,15.6,2.4125,65.75,2.75
40768,2026-04-13 00:00:00,4.2,14.8,1.3,62.625,4.125
40768,2026-04-14 00:00:00,0.4,15.7,-4.7625,44.5,3.5
40768,2026-04-15 00:00:00,1.4,17.1,-6.175,37,4.75
40768,2026-04-16 00:00:00,-2.3,16.4,-5.6125,41.625,2
40768,2026-04-17 00:00:00,-0.6,19.7,-3.8875,40.25,1.875
40768,2026-04-18 00:00:00,1.4,21.3,-0.725,39,2.75
40768,2026-04-19 00:00:00,9,17.4,6.45,66.75,2.875
40768,2026-04-20 00:00:00,7.8,19.3,4.75,63,2.875
40768,2026-04-21 00:00:00,5.8,16.2,2.4625,65.5,3.75
40768,2026-04-22 00:00:00,-0.1,16.2,-0.7375,55.25,2.25
40768,2026-04-23 00:00:00,0.7,18.2,-2.525,48.25,2.375
40768,2026-04-24 00:00:00,2.6,19.9,-2,41.875,3.125
40768,2026-04-25 00:00:00,5,22,-1.3375,42.625,2.25
40768,2026-04-26 00:00:00,6.3,19.7,5.9,71.875,2
40768,2026-04-27 00:00:00,3.5,15.5,5.3625,79.25,2.75
40768,2026-04-28 00:00:00,2.7,18.3,6.2375,80.625,2.75
40768,2026-04-29 00:00:00,5.9,18.6,6.6875,75.125,2.875
40768,2026-04-30 00:00:00,4.3,18.4,3.45,60.375,2
40768,2026-05-01 00:00:00,3.6,20.3,4.3375,60,1.75
40768,2026-05-02 00:00:00,5.8,19.4,4.275,58.875,2.125
40768,2026-05-03 00:00:00,5.1,24.1,4.85,51.75,2.625
40768,2026-05-04 00:00:00,10.9,24,4.35,41.125,3.125
40768,2026-05-05 00:00:00,10.4,24.5,5.275,44.25,4.875
40768,2026-05-06 00:00:00,8.8,22.3,-3.4875,30,4.25
40768,2026-05-07 00:00:00,5.5,23.9,-4.6375,24,4.125
40768,2026-05-08 00:00:00,11.7,23.6,-0.3375,32.125,3.375
40768,2026-05-09 00:00:00,5.3,22.5,-1.075,40.125,2
40768,2026-05-10 00:00:00,5.2,23.7,-1.3375,36.75,3
40768,2026-05-11 00:00:00,5.2,24.6,1.95,40,2.25
40768,2026-05-12 00:00:00,8.3,26.4,4.575,49.375,2.75
40768,2026-05-13 00:00:00,7.5,24.8,3.55,49.25,3
40768,2026-05-14 00:00:00,9.1,24.6,-1.175,34,3
40768,2026-05-15 00:00:00,6.6,24,1.8875,38.625,3.375
40768,2026-05-16 00:00:00,7,18,4.37778,63.2222,3.33333
40768,2026-05-17 00:00:00,4,18.3,1.9875,51.125,3.625
40768,2026-05-18 00:00:00,6.3,21.5,1.2875,37.125,5.25
40768,2026-05-19 00:00:00,15.8,22.9,1.6625,36.5,5.25
40768,2026-05-20 00:00:00,3.8,20.3,2.675,54.875,2.875
40768,2026-05-21 00:00:00,4.8,23.7,1.6375,39.75,3.5
40768,2026-05-22 00:00:00,7.9,23.2,2.0625,45.875,2.875
40768,2026-05-23 00:00:00,4.7,25.4,0.25,40,2.875
40768,2026-05-24 00:00:00,6.4,27.6,2.3125,34.25,3.75
40768,2026-05-25 00:00:00,10.3,25.3,-1.9125,27.8571,3
40768,2026-05-26 00:00:00,3.6,25.3,-5.1125,25.875,4
40768,2026-05-27 00:00:00,4.6,26.8,-3.4375,27.75,2.25
40768,2026-05-28 00:00:00,9.1,30,0.525,27.875,2.375
40768,2026-05-29 00:00:00,10.5,32,1.8375,30.375,4.75
40768,2026-05-30 00:00:00,9.3,26.9,-0.25,32.375,3.375
40768,2026-05-31 00:00:00,6.2,26.2,-0.875,32.75,2.5
40768,2026-06-01 00:00:00,7.3,26.5,-2.1625,27.875,2.5
40768,2026-06-02 00:00:00,7.5,28.3,1.425,35.125,3.25
40768,2026-06-03 00:00:00,9.5,30.6,2.6875,33.75,2.625
40768,2026-06-04 00:00:00,10.6,29,1.6375,32.625,2.875
40768,2026-06-05 00:00:00,9.3,28.5,0.8,29.375,2.375
40768,2026-06-06 00:00:00,9.9,30.2,0.8625,27.75,2
40768,2026-06-07 00:00:00,12.2,29.1,4.1875,40,2.75
40768,2026-06-08 00:00:00,7.7,28.5,5.4125,46.75,1.25
40768,2026-06-09 00:00:00,10.2,30.8,-0.1875,27.375,2.875
40768,2026-06-10 00:00:00,10.8,31,0.15,24,2.125
40768,2026-06-11 00:00:00,10.7,32.7,0.25,24,2
40768,2026-06-12 00:00:00,12,33.3,-0.6375,21.75,2.25
